Year,ST,STATE,TotalPopulation,WorkForce,Employed,EmployedPercent,Unemployed,UnemployedPercent,H_MEAN,H_PCT10,H_PCT25,H_MEDIAN,H_PCT75,H_PCT90
2003,AL,Alabama,"45,03,491",2120238,1992742,93.9867128124,127496,6.01328718757,15.06,6.37,7.97,11.52,18.33,27.23
2003,AK,Alaska,"6,48,414",331673,305725,92.176631803,25948,7.82336819699,19.51,8.38,11.18,16.55,24.64,34.00
2003,AZ,Arizona,"55,10,364",2736001,2578855,94.2563617484,157146,5.74363825159,16.14,6.68,8.63,12.76,19.54,28.87
2003,AR,Arkansas,"27,24,816",1271706,1196303,94.0707207483,75403,5.92927925165,13.72,6.41,7.95,10.99,16.32,23.41
2003,CA,California,"3,52,53,159",17277624,16102841,93.2005523445,1174783,6.79944765553,19.54,7.52,9.46,14.99,24.28,36.62
2003,CO,Colorado,"45,28,732",2486232,2338206,94.0461710733,148026,5.95382892666,18.50,7.58,10.04,14.82,22.33,33.67
2003,CT,Connecticut,"34,84,336",1784258,1687923,94.6008368745,96335,5.39916312551,20.66,8.15,10.94,16.51,25.14,36.61
2003,DE,Delaware,"8,18,003",415161,397472,95.7392433297,17689,4.2607566703,18.04,7.44,9.66,14.28,21.86,32.78
2003,FL,Florida,"1,70,04,085",8210700,7783152,94.7927947678,427548,5.2072052322,15.64,6.59,8.36,11.97,18.51,27.75
2003,GA,Georgia,"86,22,793",4394454,4182530,95.1774668707,211924,4.82253312926,16.77,6.75,8.81,12.97,20.30,30.15
2003,HI,Hawaii,"12,51,154",603124,578324,95.8880760839,24800,4.11192391614,17.14,7.14,9.52,13.78,20.98,30.61
2003,ID,Idaho,"13,63,380",690013,651338,94.3950331371,38675,5.60496686294,15.17,6.67,8.54,12.15,18.72,26.54
2003,IL,Illinois,"1,25,56,006",6300230,5874613,93.2444212354,425617,6.75557876458,17.95,6.80,9.20,14.08,22.31,33.03
2003,IN,Indiana,"61,96,638",3182994,3014660,94.7114572004,168334,5.28854279964,15.90,6.95,9.06,12.88,19.52,27.50
2003,IA,Iowa,"29,41,999",1606799,1534492,95.4999349639,72307,4.50006503614,14.88,6.66,8.62,12.22,17.85,25.46
2003,KS,Kansas,"27,23,004",1437030,1357866,94.4911379721,79164,5.50886202793,15.85,6.84,8.75,12.55,19.36,27.92
2003,KY,Kentucky,"41,17,170",1960055,1839883,93.868947555,120172,6.13105244496,15.15,6.69,8.58,12.14,18.26,26.54
2003,LA,Louisiana,"45,21,042",2018325,1888975,93.5912204427,129350,6.40877955731,14.62,6.20,7.54,11.50,18.00,26.19
2003,ME,Maine,"13,06,513",683548,649576,95.0300490968,33972,4.96995090323,15.56,7.31,9.21,12.65,18.57,26.41
2003,MD,Maryland,"54,96,269",2882221,2754524,95.5694931097,127697,4.43050689035,19.07,7.33,9.95,15.23,23.66,35.71
2003,MA,Massachusetts,"64,22,565",3422415,3226984,94.2896755654,195431,5.71032443465,20.59,8.33,10.85,16.33,25.23,37.13
2003,MI,Michigan,"1,00,41,152",5027861,4667104,92.8248414186,360757,7.17515858135,18.32,7.27,9.68,14.48,23.28,33.28
2003,MN,Minnesota,"50,53,572",2874672,2734291,95.1166254794,140381,4.88337452064,18.34,7.56,10.12,14.86,22.26,32.38
2003,MS,Mississippi,"28,68,312",1301252,1219143,93.6900000922,82109,6.30999990778,13.13,6.22,7.60,10.73,15.65,22.29
2003,MO,Missouri,"57,09,403",3020820,2850982,94.3777517363,169838,5.62224826372,16.23,6.87,8.76,12.68,19.68,28.60
2003,MT,Montana,"9,19,630",471492,449267,95.2862402756,22225,4.71375972445,13.93,6.43,8.00,11.31,17.16,24.43
2003,NE,Nebraska,"17,38,643",964271,926317,96.0639695687,37954,3.93603043128,15.23,6.91,8.76,12.12,18.23,26.62
2003,NV,Nevada,"22,48,850",1147043,1088790,94.9214632756,58253,5.07853672443,16.23,6.90,9.14,12.99,19.71,28.23
2003,NH,New Hampshire,"12,79,840",707521,677030,95.6904459373,30491,4.30955406271,17.19,7.62,9.76,13.60,20.32,29.65
2003,NJ,New Jersey,"86,01,402",4347155,4093688,94.1693590406,253467,5.83064095943,19.72,7.29,9.98,15.60,24.59,36.89
2003,NM,New Mexico,"18,77,574",889738,837671,94.1480525728,52067,5.85194742722,15.27,6.37,8.03,11.84,18.65,27.73
2003,NY,New York,"1,91,75,939",9263403,8672911,93.6255391242,590492,6.37446087577,20.32,7.19,9.97,15.63,24.92,38.62
2003,NC,North Carolina,"84,22,501",4255635,3984599,93.6311267296,271036,6.36887327038,15.99,7.00,8.94,12.57,18.77,27.66
2003,ND,North Dakota,"6,38,817",344685,331855,96.2777608541,12830,3.72223914589,14.13,6.53,8.19,11.34,16.99,24.42
2003,OH,Ohio,"1,14,34,788",5872373,5505858,93.7586559982,366515,6.24134400182,16.77,6.95,9.19,13.55,20.62,29.03
2003,OK,Oklahoma,"35,04,892",1685576,1593524,94.5388401354,92052,5.46115986464,14.57,6.42,8.03,11.42,17.45,25.69
2003,OR,Oregon,"35,47,376",1845550,1695909,91.8917937742,149641,8.10820622579,17.09,7.74,9.65,13.89,20.75,29.76
2003,PA,Pennsylvania,"1,23,74,658",6170366,5821716,94.3496058419,348650,5.65039415814,16.86,6.78,8.98,13.40,20.68,30.56
2003,RI,Rhode Island,"10,71,342",560483,530567,94.6624607704,29916,5.33753922956,17.85,7.38,9.66,14.21,21.71,32.17
2003,SC,South Carolina,"41,50,297",1997984,1859772,93.0824270865,138212,6.9175729135,14.98,6.69,8.55,12.02,17.76,26.11
2003,SD,South Dakota,"7,63,729",423039,408091,96.4665196353,14948,3.53348036469,13.28,6.73,8.27,10.99,15.38,22.01
2003,TN,Tennessee,"58,47,812",2912193,2748141,94.3667195134,164052,5.63328048656,15.34,6.73,8.63,12.19,18.12,26.69
2003,TX,Texas,"2,20,30,931",10914689,10185324,93.3175833045,729365,6.68241669552,16.47,6.46,8.30,12.50,20.04,30.09
2003,UT,Utah,"23,60,137",1200241,1132556,94.3607158896,67685,5.63928411044,15.88,7.04,8.90,12.45,19.07,27.67
2003,VT,Vermont,"6,17,858",345970,331119,95.7074312802,14851,4.29256871983,16.11,7.59,9.52,13.09,19.19,27.20
2003,VA,Virginia,"73,66,977",3753711,3599268,95.8855916185,154443,4.11440838147,17.76,6.93,9.06,13.62,21.63,33.83
2003,WA,Washington,"61,04,115",3127408,2895865,92.5963289727,231543,7.40367102725,19.04,8.07,10.46,15.66,23.61,34.02
2003,WV,West Virginia,"18,12,295",786558,738993,93.9527663567,47565,6.04723364329,14.20,6.24,7.66,11.16,17.74,25.29
2003,WI,Wisconsin,"54,79,203",3053648,2879781,94.3062527181,173867,5.69374728194,16.34,7.27,9.35,13.31,19.95,28.13
2003,WY,Wyoming,"5,03,453",273621,261970,95.7419203935,11651,4.25807960646,15.00,6.48,8.27,12.33,19.04,26.58
2003,PR,Puerto Rico,"38,26,095",1345789,1184591,88.0220450606,161198,11.9779549394,10.41,5.80,6.39,7.92,11.81,17.58
2004,AL,Alabama,"45,30,729",2136463,2014892,94.3097072123,121571,5.69029278766,15.19,6.41,8.13,11.76,18.48,27.20
2004,AK,Alaska,"6,59,286",336742,311644,92.546816257,25098,7.45318374304,19.90,8.72,11.40,16.84,25.06,34.34
2004,AZ,Arizona,"56,52,404",2796272,2655430,94.9632224619,140842,5.03677753809,16.60,6.83,8.95,13.13,19.99,30.06
2004,AR,Arkansas,"27,49,686",1300325,1226126,94.2938111626,74199,5.70618883741,13.95,6.42,8.06,11.25,16.72,24.05
2004,CA,California,"3,55,74,576",17383630,16303995,93.789358149,1079635,6.21064185098,19.96,7.78,9.66,15.36,25.04,37.87
2004,CO,Colorado,"45,75,013",2532369,2393564,94.5187687892,138805,5.48123121078,18.95,7.68,10.27,15.26,23.13,34.61
2004,CT,Connecticut,"34,96,094",1774201,1686216,95.0408662829,87985,4.95913371709,21.02,8.40,11.18,16.88,25.85,37.40
2004,DE,Delaware,"8,30,803",420383,403599,96.0074503488,16784,3.99254965115,18.57,7.52,9.81,14.63,22.90,33.51
2004,FL,Florida,"1,74,15,318",8440430,8049905,95.3731622678,390525,4.6268377322,16.02,6.71,8.60,12.36,19.12,28.44
2004,GA,Georgia,"87,69,252",4451804,4239067,95.2213304988,212737,4.77866950117,17.15,6.78,9.00,13.29,20.80,31.28
2004,HI,Hawaii,"12,73,569",610913,590157,96.6024622164,20756,3.39753778361,17.45,7.23,9.69,14.07,21.34,31.67
2004,ID,Idaho,"13,91,802",703065,668443,95.0755620035,34622,4.92443799649,15.55,6.73,8.69,12.54,19.37,27.13
2004,IL,Illinois,"1,25,89,773",6325448,5933128,93.7977515585,392320,6.20224844153,18.44,6.94,9.38,14.41,22.99,33.95
2004,IN,Indiana,"62,33,007",3167810,2998076,94.6419134986,169734,5.3580865014,16.13,7.02,9.19,13.11,19.97,27.79
2004,IA,Iowa,"29,53,635",1601796,1529765,95.5031102587,72031,4.49688974127,15.19,6.78,8.88,12.53,18.34,26.07
2004,KS,Kansas,"27,34,373",1463720,1383871,94.5447899872,79849,5.45521001284,16.11,6.90,8.89,12.80,19.68,28.49
2004,KY,Kentucky,"41,46,101",1963883,1857821,94.5993727732,106062,5.40062722677,15.35,6.73,8.73,12.49,18.59,26.61
2004,LA,Louisiana,"45,52,238",2037185,1916539,94.0778083483,120646,5.92219165172,14.90,6.20,7.74,11.82,18.48,26.68
2004,ME,Maine,"13,13,688",685966,654153,95.3623065866,31813,4.63769341338,15.84,7.42,9.43,12.98,19.14,26.76
2004,MD,Maryland,"55,46,935",2889328,2766478,95.7481462818,122850,4.25185371823,19.62,7.46,10.17,15.59,24.38,37.20
2004,MA,Massachusetts,"64,12,281",3395512,3220833,94.855591734,174679,5.14440826597,21.46,8.60,11.25,17.00,26.52,39.60
2004,MI,Michigan,"1,00,55,315",5062385,4705596,92.9521559502,356789,7.04784404979,18.68,7.36,9.91,14.91,23.84,33.92
2004,MN,Minnesota,"50,87,713",2880439,2745621,95.3195328906,134818,4.68046710935,18.94,7.77,10.38,15.34,22.94,33.67
2004,MS,Mississippi,"28,89,010",1313106,1232189,93.8377404414,80917,6.16225955863,13.55,6.24,7.78,10.97,16.17,23.21
2004,MO,Missouri,"57,47,741",3015651,2838875,94.1380484678,176776,5.86195153219,16.41,6.92,8.86,12.85,20.07,29.08
2004,MT,Montana,"9,30,009",480278,457424,95.2415059611,22854,4.75849403887,14.27,6.51,8.20,11.62,17.66,25.27
2004,NE,Nebraska,"17,49,370",969990,932516,96.1366612027,37474,3.86333879731,15.71,7.02,9.04,12.57,18.87,27.30
2004,NV,Nevada,"23,46,222",1177637,1126946,95.6955326641,50691,4.30446733586,16.38,7.01,9.21,13.13,19.99,28.59
2004,NH,New Hampshire,"12,90,121",716184,689150,96.2252717179,27034,3.77472828212,17.67,7.74,9.99,14.00,20.97,31.09
2004,NJ,New Jersey,"86,34,561",4349172,4138832,95.1636771321,210340,4.83632286789,20.31,7.44,10.21,16.08,25.45,38.54
2004,NM,New Mexico,"19,03,808",902267,852614,94.4968617937,49653,5.50313820632,15.74,6.43,8.24,12.20,19.26,28.80
2004,NY,New York,"1,91,71,567",9355964,8812628,94.1926240845,543336,5.80737591551,20.69,7.37,10.22,16.03,25.60,39.60
2004,NC,North Carolina,"85,53,152",4253135,4019812,94.5140937215,233323,5.48590627855,16.33,7.05,9.02,12.83,19.36,28.37
2004,ND,North Dakota,"6,44,705",352467,340403,96.5772682265,12064,3.42273177347,14.51,6.65,8.47,11.77,17.51,25.23
2004,OH,Ohio,"1,14,52,251",5870487,5502445,93.7306393831,368042,6.26936061693,17.10,7.04,9.37,13.83,21.09,29.92
2004,OK,Oklahoma,"35,25,233",1689615,1607427,95.1356965936,82188,4.8643034064,14.87,6.44,8.12,11.72,17.87,26.33
2004,OR,Oregon,"35,69,463",1838115,1703707,92.6877262848,134408,7.31227371519,17.48,7.95,9.86,14.22,21.22,30.97
2004,PA,Pennsylvania,"1,24,10,722",6213786,5877001,94.5800354245,336785,5.41996457554,17.20,6.82,9.14,13.67,21.10,31.51
2004,RI,Rhode Island,"10,74,579",558690,529894,94.8457999964,28796,5.15420000358,18.32,7.67,9.95,14.73,22.34,33.07
2004,SC,South Carolina,"42,10,921",2033313,1894140,93.1553577831,139173,6.84464221691,15.27,6.68,8.59,12.23,18.21,26.74
2004,SD,South Dakota,"7,70,396",427667,411767,96.2821541059,15900,3.71784589412,13.83,6.85,8.48,11.38,16.18,23.31
2004,TN,Tennessee,"59,10,809",2878742,2725112,94.6632938971,153630,5.33670610287,15.60,6.85,8.82,12.51,18.62,27.07
2004,TX,Texas,"2,23,94,023",10992387,10338495,94.0514103079,653892,5.94858969212,16.76,6.47,8.40,12.72,20.46,31.31
2004,UT,Utah,"24,01,580",1231162,1169796,95.0156031456,61366,4.98439685435,16.21,7.11,9.00,12.69,19.62,28.40
2004,VT,Vermont,"6,19,920",347671,334895,96.325261526,12776,3.67473847402,16.52,7.87,9.80,13.43,19.62,27.63
2004,VA,Virginia,"74,75,575",3795257,3650277,96.1799688401,144980,3.82003115995,18.47,7.08,9.33,14.15,22.64,35.68
2004,WA,Washington,"61,78,645",3197105,2996802,93.7348632591,200303,6.2651367409,19.44,8.27,10.65,15.92,24.19,34.79
2004,WV,West Virginia,"18,16,438",783673,741897,94.6692051404,41776,5.33079485959,14.54,6.26,7.82,11.39,18.16,25.98
2004,WI,Wisconsin,"55,14,026",3034590,2882068,94.9738844457,152522,5.02611555433,16.77,7.34,9.62,13.72,20.49,28.65
2004,WY,Wyoming,"5,09,106",274798,264324,96.1884729874,10474,3.81152701257,15.47,6.63,8.60,12.72,19.67,27.05
2004,PR,Puerto Rico,"38,26,878",1347049,1204536,89.4203551615,142513,10.5796448385,10.38,5.74,6.33,7.81,11.67,17.56
2005,AL,Alabama,"45,69,805",2146037,2049794,95.5153149736,96243,4.4846850264,15.54,6.44,8.29,12.07,18.91,27.76
2005,AK,Alaska,"6,66,946",344564,320813,93.1069409457,23751,6.89305905434,20.55,9.05,11.81,17.30,25.86,35.62
2005,AZ,Arizona,"58,39,077",2883225,2748371,95.3228069263,134854,4.67719307373,16.80,6.99,9.10,13.28,20.19,30.65
2005,AR,Arkansas,"27,81,097",1345923,1275451,94.7640392504,70472,5.23596074961,14.31,6.46,8.19,11.53,17.19,25.08
2005,CA,California,"3,58,27,943",17530070,16582652,94.5954693849,947418,5.40453061511,20.44,7.91,9.87,15.80,25.74,39.26
2005,CO,Colorado,"46,31,888",2563915,2435092,94.9755354604,128823,5.02446453958,19.36,7.75,10.40,15.53,23.85,35.32
2005,CT,Connecticut,"35,06,956",1796979,1709384,95.1254299577,87595,4.87457004228,21.57,8.63,11.43,17.30,26.59,38.99
2005,DE,Delaware,"8,45,150",432409,414465,95.8502251341,17944,4.14977486593,18.84,7.53,9.98,14.95,23.41,34.03
2005,FL,Florida,"1,78,42,038",8720978,8398978,96.307753557,322000,3.692246443,16.55,6.97,8.90,12.75,19.77,29.51
2005,GA,Georgia,"89,25,922",4586427,4341229,94.6538340194,245198,5.34616598062,17.45,6.77,9.13,13.49,21.17,32.02
2005,HI,Hawaii,"12,92,729",626913,608957,97.1358067228,17956,2.86419327722,17.81,7.33,9.84,14.39,21.86,32.48
2005,ID,Idaho,"14,28,241",731671,702289,95.9842606855,29382,4.01573931453,15.89,6.72,8.86,12.84,19.64,27.55
2005,IL,Illinois,"1,26,09,903",6397822,6033921,94.3121112153,363901,5.68788878465,18.89,7.11,9.55,14.78,23.78,34.86
2005,IN,Indiana,"62,78,616",3205441,3029959,94.5254958678,175482,5.47450413219,16.38,7.07,9.29,13.30,20.28,28.30
2005,IA,Iowa,"29,64,454",1629772,1560172,95.7294639986,69600,4.27053600135,15.55,6.91,9.07,12.84,18.84,26.60
2005,KS,Kansas,"27,45,299",1465652,1392033,94.9770477576,73619,5.02295224241,16.33,6.93,9.02,12.99,19.99,28.94
2005,KY,Kentucky,"41,82,742",1999783,1881945,94.1074606595,117838,5.89253934052,15.65,6.76,8.85,12.73,19.09,26.95
2005,LA,Louisiana,"45,76,628",1484641,1382722,93.1351080834,101919,6.86489191663,15.11,6.23,7.92,12.01,18.79,27.00
2005,ME,Maine,"13,18,787",697145,663126,95.1202404091,34019,4.8797595909,16.31,7.57,9.64,13.30,19.63,27.30
2005,MD,Maryland,"55,92,379",2924546,2803491,95.8607250493,121055,4.13927495071,20.23,7.54,10.36,16.09,25.26,38.93
2005,MA,Massachusetts,"64,03,290",3384121,3220093,95.1530101908,164028,4.84698980917,22.10,8.74,11.58,17.47,27.17,41.05
2005,MI,Michigan,"1,00,51,137",5083141,4738909,93.2279667237,344232,6.77203327628,19.25,7.46,10.14,15.46,24.52,34.65
2005,MN,Minnesota,"51,19,598",2879775,2762737,95.9358630449,117038,4.06413695514,19.39,7.92,10.58,15.74,23.60,34.33
2005,MS,Mississippi,"29,05,943",1317406,1218830,92.5174168024,98576,7.48258319759,13.99,6.31,7.97,11.19,16.71,24.56
2005,MO,Missouri,"57,90,300",3009344,2847008,94.6056017524,162336,5.39439824759,16.66,6.95,8.97,13.08,20.41,29.98
2005,MT,Montana,"9,40,102",486062,464910,95.6482917817,21152,4.35170821829,14.53,6.54,8.30,11.86,17.75,25.61
2005,NE,Nebraska,"17,61,497",973002,935911,96.1879831696,37091,3.81201683039,16.01,7.05,9.20,12.88,19.42,27.87
2005,NV,Nevada,"24,32,143",1223833,1173709,95.9043431579,50124,4.09565684207,16.71,7.07,9.38,13.30,20.28,29.31
2005,NH,New Hampshire,"12,98,492",725853,700028,96.4421170678,25825,3.55788293222,18.26,7.89,10.29,14.63,21.72,32.47
2005,NJ,New Jersey,"86,51,974",4391580,4194898,95.5213841032,196682,4.47861589678,21.09,7.67,10.54,16.68,26.38,40.21
2005,NM,New Mexico,"19,32,274",918159,871249,94.8908631294,46910,5.10913687063,15.95,6.44,8.31,12.41,19.53,29.52
2005,NY,New York,"1,91,32,610",9460871,8986862,94.989795337,474009,5.01020466297,21.18,7.62,10.47,16.36,26.19,40.69
2005,NC,North Carolina,"87,05,407",4317438,4091043,94.7562651739,226395,5.24373482607,16.57,7.10,9.15,13.06,19.76,29.07
2005,ND,North Dakota,"6,46,089",355548,343512,96.6148030646,12036,3.38519693543,14.83,6.79,8.70,12.14,18.12,25.91
2005,OH,Ohio,"1,14,63,320",5890059,5541090,94.0752885497,348969,5.92471145026,17.44,7.09,9.50,14.07,21.57,31.02
2005,OK,Oklahoma,"35,48,597",1703297,1627112,95.5272040049,76185,4.47279599506,15.12,6.50,8.25,12.00,18.30,26.77
2005,OR,Oregon,"36,13,202",1845765,1731846,93.8280875409,113919,6.17191245906,17.92,8.15,10.02,14.50,21.61,31.86
2005,PA,Pennsylvania,"1,24,49,990",6251410,5940575,95.027761737,310835,4.97223826305,17.46,6.94,9.31,13.85,21.47,31.97
2005,RI,Rhode Island,"10,67,916",565736,537196,94.9552441421,28540,5.04475585786,18.74,7.94,10.20,15.07,23.10,33.62
2005,SC,South Carolina,"42,70,150",2068599,1929233,93.2627831687,139366,6.73721683129,15.50,6.68,8.62,12.43,18.67,27.12
2005,SD,South Dakota,"7,75,493",430612,414211,96.1912348007,16401,3.8087651993,14.02,6.97,8.57,11.52,16.36,23.81
2005,TN,Tennessee,"59,91,057",2904806,2743389,94.443105667,161417,5.55689433305,15.99,6.93,8.95,12.75,19.14,27.63
2005,TX,Texas,"2,27,78,123",11124254,10523260,94.5974444668,600994,5.40255553316,17.05,6.47,8.44,12.88,20.89,32.14
2005,UT,Utah,"24,57,719",1272452,1220619,95.9265261086,51833,4.07347389135,16.48,7.12,9.11,12.94,20.06,29.34
2005,VT,Vermont,"6,21,215",350761,338555,96.5201376436,12206,3.47986235642,16.86,8.11,10.03,13.68,20.10,28.20
2005,VA,Virginia,"75,77,105",3897060,3757606,96.4215588161,139454,3.57844118387,19.11,7.25,9.61,14.62,23.59,37.54
2005,WA,Washington,"62,57,305",3263703,3082398,94.4448070183,181305,5.55519298171,19.93,8.47,10.91,16.30,24.88,35.53
2005,WV,West Virginia,"18,20,492",790990,750565,94.8893159206,40425,5.11068407944,14.69,6.26,7.90,11.54,18.38,26.24
2005,WI,Wisconsin,"55,46,166",3021091,2878088,95.2665113365,143003,4.73348866353,17.15,7.44,9.80,14.11,20.95,29.67
2005,WY,Wyoming,"5,14,157",276529,266631,96.4206285778,9898,3.57937142217,15.84,6.79,8.97,13.12,20.15,27.64
2005,PR,Puerto Rico,"38,21,362",1378065,1221818,88.6618555729,156247,11.3381444271,10.69,5.73,6.37,8.22,12.38,17.96
2006,AL,Alabama,"46,28,981",2167813,2080235,95.9600758922,87578,4.03992410785,16.08,6.60,8.56,12.49,19.52,29.02
2006,AK,Alaska,"6,75,302",349698,326545,93.3791442902,23153,6.62085570978,21.12,9.18,12.16,17.70,26.74,37.09
2006,AZ,Arizona,"60,29,141",2990443,2864386,95.7846713681,126057,4.21532863191,17.43,7.21,9.40,13.77,20.85,31.77
2006,AR,Arkansas,"28,21,761",1365421,1294917,94.8364643579,70504,5.16353564212,14.84,6.61,8.44,11.93,17.97,25.82
2006,CA,California,"3,60,21,202",17654112,16789426,95.1020702712,864686,4.89792972878,21.24,8.02,10.21,16.37,26.74,40.87
2006,CO,Colorado,"47,20,423",2622246,2509731,95.7092126368,112515,4.2907873632,19.93,7.88,10.65,15.82,24.40,36.78
2006,CT,Connecticut,"35,17,460",1828657,1749195,95.654625225,79462,4.34537477504,22.10,8.79,11.70,17.76,27.35,39.63
2006,DE,Delaware,"8,59,268",441184,425399,96.422127729,15785,3.57787227098,20.04,7.77,10.41,15.82,24.88,36.54
2006,FL,Florida,"1,81,66,990",9000206,8709524,96.7702739248,290682,3.22972607516,17.22,7.30,9.32,13.31,20.52,30.91
2006,GA,Georgia,"91,55,813",4710786,4489132,95.2947554824,221654,4.70524451758,17.86,6.94,9.27,13.78,21.66,32.96
2006,HI,Hawaii,"13,09,731",638262,621574,97.3853997261,16688,2.61460027387,18.57,7.61,10.16,14.97,22.96,33.96
2006,ID,Idaho,"14,68,669",747379,721346,96.5167605726,26033,3.48323942739,16.73,6.94,9.25,13.47,20.49,29.72
2006,IL,Illinois,"1,26,43,955",6526283,6230845,95.4731046754,295438,4.52689532464,19.67,7.35,9.78,15.21,24.71,36.56
2006,IN,Indiana,"63,32,669",3235120,3072118,94.9614851999,163002,5.03851480007,16.92,7.23,9.51,13.70,20.86,29.61
2006,IA,Iowa,"29,82,644",1657588,1596530,96.3164549936,61058,3.68354500636,15.99,7.05,9.31,13.23,19.31,27.51
2006,KS,Kansas,"27,62,931",1467098,1402804,95.6176070038,64294,4.38239299624,16.81,7.07,9.28,13.47,20.62,29.89
2006,KY,Kentucky,"42,19,239",2029239,1913479,94.2953984228,115760,5.70460157724,16.10,6.92,9.09,13.11,19.64,27.82
2006,LA,Louisiana,"43,02,665",1497192,1432806,95.6995495568,64386,4.30045044323,15.82,6.43,8.34,12.70,19.62,28.20
2006,ME,Maine,"13,23,619",701548,669543,95.4379457999,32005,4.56205420014,16.90,7.82,9.98,13.76,20.23,28.56
2006,MD,Maryland,"56,27,367",2963867,2849355,96.136398833,114512,3.86360116699,21.17,7.80,10.81,16.74,26.43,40.60
2006,MA,Massachusetts,"64,10,084",3413339,3246314,95.1066975768,167025,4.89330242323,22.76,8.88,11.88,17.96,28.21,42.52
2006,MI,Michigan,"1,00,36,081",5076667,4721094,92.9959361132,355573,7.0040638868,19.82,7.60,10.39,15.86,25.22,35.97
2006,MN,Minnesota,"51,63,555",2887839,2772120,95.99288603,115719,4.00711397,19.96,8.19,10.94,16.13,24.23,35.61
2006,MS,Mississippi,"29,04,978",1290175,1205905,93.46832794,84270,6.53167205999,14.64,6.48,8.29,11.68,17.45,25.83
2006,MO,Missouri,"58,42,704",3029697,2882757,95.1500100505,146940,4.84998994949,17.15,7.09,9.17,13.44,21.01,30.95
2006,MT,Montana,"9,52,692",493621,476381,96.5074419443,17240,3.49255805567,15.04,6.65,8.57,12.34,18.55,26.57
2006,NE,Nebraska,"17,72,693",970060,939881,96.8889553224,30179,3.11104467765,16.49,7.18,9.44,13.31,20.03,28.87
2006,NV,Nevada,"25,22,658",1285319,1233288,95.9518998786,52031,4.04810012145,17.31,7.30,9.72,13.82,21.03,30.62
2006,NH,New Hampshire,"13,08,389",731859,706779,96.5731103942,25080,3.42688960578,18.87,8.15,10.62,15.11,22.45,33.52
2006,NJ,New Jersey,"86,61,679",4445880,4236485,95.2901337868,209395,4.70986621321,21.85,8.00,10.96,17.23,27.34,41.51
2006,NM,New Mexico,"19,62,137",928098,889449,95.8356768359,38649,4.16432316415,16.34,6.59,8.61,12.85,20.19,30.12
2006,NY,New York,"1,91,04,631",9508160,9077534,95.4709849224,430626,4.52901507758,22.03,7.90,10.82,16.91,27.23,42.43
2006,NC,North Carolina,"89,17,270",4444969,4234094,95.2558724257,210875,4.74412757434,17.08,7.24,9.34,13.45,20.36,30.29
2006,ND,North Dakota,"6,49,422",361464,349823,96.7794856473,11641,3.22051435274,15.60,7.01,9.05,12.77,19.11,27.27
2006,OH,Ohio,"1,14,81,213",5945504,5624446,94.5999868136,321058,5.40001318643,17.96,7.20,9.73,14.47,22.32,32.16
2006,OK,Oklahoma,"35,94,090",1715800,1647099,95.9959785523,68701,4.00402144772,15.66,6.64,8.52,12.42,18.93,27.80
2006,OR,Oregon,"36,70,883",1885381,1785041,94.6779987705,100340,5.32200122946,18.54,8.41,10.30,14.92,22.32,33.16
2006,PA,Pennsylvania,"1,25,10,809",6294512,6006635,95.4265398175,287877,4.57346018246,18.07,7.17,9.65,14.33,22.21,33.01
2006,RI,Rhode Island,"10,63,096",572603,544357,95.0670883666,28246,4.93291163337,19.51,8.21,10.58,15.59,23.97,34.95
2006,SC,South Carolina,"43,57,847",2109107,1973341,93.5628680764,135766,6.43713192361,16.06,6.83,8.87,12.85,19.29,28.34
2006,SD,South Dakota,"7,83,033",435019,421488,96.8895611456,13531,3.11043885439,14.65,7.22,8.98,11.96,17.01,25.31
2006,TN,Tennessee,"60,88,766",3036029,2878454,94.8098321854,157575,5.1901678146,16.46,7.05,9.18,13.12,19.64,28.61
2006,TX,Texas,"2,33,59,580",11328001,10774491,95.1137892731,553510,4.88621072685,17.50,6.62,8.69,13.26,21.34,32.89
2006,UT,Utah,"25,25,507",1318455,1279332,97.0326632308,39123,2.96733676917,17.09,7.35,9.40,13.46,20.71,30.66
2006,VT,Vermont,"6,22,892",356997,343865,96.321537716,13132,3.678462284,17.48,8.39,10.40,14.19,20.85,29.54
2006,VA,Virginia,"76,73,725",3978654,3855644,96.9082508808,123010,3.09174911917,19.93,7.44,9.93,15.20,24.52,39.32
2006,WA,Washington,"63,70,753",3323935,3156625,94.9665080695,167310,5.0334919305,20.63,8.76,11.34,16.81,25.73,36.98
2006,WV,West Virginia,"18,27,912",806171,766403,95.0670515313,39768,4.93294846875,15.11,6.37,8.10,11.91,18.82,27.02
2006,WI,Wisconsin,"55,77,655",3058940,2914152,95.2667263823,144788,4.73327361766,17.66,7.59,10.05,14.49,21.56,30.59
2006,WY,Wyoming,"5,22,667",281250,272339,96.8316444444,8911,3.16835555556,16.48,7.08,9.41,13.77,20.90,28.59
2006,PR,Puerto Rico,"38,05,214",1419882,1270699,89.4932818361,149183,10.5067181639,11.15,5.82,6.54,8.54,13.03,19.01
2007,AL,Alabama,"46,72,840",2175614,2089131,96.0248922833,86483,3.97510771672,16.80,6.74,8.86,13.11,20.44,30.27
2007,AK,Alaska,"6,80,300",350786,328579,93.6693596666,22207,6.33064033342,22.00,9.38,12.59,18.45,28.08,38.64
2007,AZ,Arizona,"61,67,681",3034015,2917116,96.1470526678,116899,3.85294733217,18.06,7.57,9.68,14.25,21.61,32.64
2007,AR,Arkansas,"28,48,650",1369289,1296573,94.689506744,72716,5.31049325599,15.60,7.11,8.76,12.44,18.75,27.20
2007,CA,California,"3,62,50,311",17893090,16931594,94.626439592,961496,5.37356040796,22.11,8.33,10.60,16.91,27.80,42.59
2007,CO,Colorado,"48,03,868",2664682,2565220,96.2673970102,99462,3.73260298978,20.72,8.08,10.94,16.29,25.27,38.46
2007,CT,Connecticut,"35,27,270",1856200,1773156,95.5261286499,83044,4.47387135007,22.92,8.98,12.06,18.34,28.45,41.16
2007,DE,Delaware,"8,71,749",443573,428312,96.5595290967,15261,3.44047090332,20.69,8.08,10.81,16.19,25.41,37.97
2007,FL,Florida,"1,83,67,842",9157134,8789775,95.9882753709,367359,4.01172462913,17.91,7.60,9.69,13.87,21.37,32.12
2007,GA,Georgia,"93,49,988",4815821,4597638,95.4694537027,218183,4.5305462973,18.42,7.09,9.51,14.16,22.28,34.11
2007,HI,Hawaii,"13,15,675",638395,620535,97.202359041,17860,2.79764095897,19.33,8.09,10.71,15.54,23.91,35.09
2007,ID,Idaho,"15,05,105",754436,731235,96.9247225742,23201,3.07527742579,16.98,7.17,9.50,13.79,20.81,30.04
2007,IL,Illinois,"1,26,95,866",6665612,6334013,95.0252279911,331599,4.97477200893,20.70,7.63,10.08,15.80,26.07,38.88
2007,IN,Indiana,"63,79,599",3207691,3061042,95.4282067693,146649,4.57179323071,17.51,7.37,9.75,14.13,21.55,30.81
2007,IA,Iowa,"29,99,212",1660676,1599332,96.3060825832,61344,3.69391741676,16.66,7.34,9.53,13.68,20.05,28.73
2007,KS,Kansas,"27,83,785",1483464,1420452,95.7523741729,63012,4.24762582712,17.45,7.27,9.55,13.97,21.44,31.04
2007,KY,Kentucky,"42,56,672",2032100,1922223,94.5929334186,109877,5.40706658137,16.80,7.05,9.31,13.56,20.27,29.26
2007,LA,Louisiana,"43,75,581",2030438,1944041,95.7449082415,86397,4.25509175853,16.38,6.61,8.67,13.21,20.30,29.20
2007,ME,Maine,"13,27,040",700444,667771,95.3353872686,32673,4.66461273135,17.53,8.08,10.33,14.28,20.91,29.84
2007,MD,Maryland,"56,53,408",2970092,2867347,96.540679548,102745,3.45932045203,22.01,8.08,11.20,17.48,27.66,41.99
2007,MA,Massachusetts,"64,31,559",3426002,3268097,95.3909834262,157905,4.60901657384,23.59,9.05,12.20,18.47,29.24,44.30
2007,MI,Michigan,"1,00,01,284",5011123,4658943,92.9720344122,352180,7.02796558775,20.30,7.75,10.54,16.13,25.70,37.01
2007,MN,Minnesota,"52,07,203",2906398,2773708,95.4345550747,132690,4.5654449253,20.59,8.40,11.25,16.57,24.96,37.00
2007,MS,Mississippi,"29,28,350",1303519,1224062,93.9044233341,79457,6.09557666593,15.25,6.69,8.63,12.13,18.23,27.03
2007,MO,Missouri,"58,87,612",3034582,2879652,94.8945192452,154930,5.10548075485,17.90,7.38,9.45,14.02,21.96,32.19
2007,MT,Montana,"9,64,706",502072,484194,96.439156137,17878,3.56084386303,15.69,7.09,8.87,12.82,19.15,27.73
2007,NE,Nebraska,"17,83,440",978769,949493,97.0088958682,29276,2.99110413182,16.96,7.30,9.60,13.73,20.57,30.00
2007,NV,Nevada,"26,01,072",1330399,1270575,95.503303896,59824,4.49669610395,18.00,7.61,10.08,14.34,21.86,32.05
2007,NH,New Hampshire,"13,12,540",737936,712007,96.4862806531,25929,3.51371934694,19.60,8.41,10.97,15.54,23.29,34.95
2007,NJ,New Jersey,"86,77,885",4441800,4251816,95.722815075,189984,4.27718492503,22.64,8.31,11.31,17.77,28.44,43.05
2007,NM,New Mexico,"19,90,070",934029,898998,96.2494740527,35031,3.75052594727,17.21,6.78,8.89,13.26,21.22,32.37
2007,NY,New York,"1,91,32,335",9522064,9088212,95.4437189248,433852,4.5562810752,22.89,8.24,11.24,17.53,28.20,43.66
2007,NC,North Carolina,"91,18,037",4512865,4300308,95.2899765448,212557,4.71002345517,17.74,7.47,9.60,13.92,21.05,31.45
2007,ND,North Dakota,"6,52,822",367236,355768,96.8772124737,11468,3.12278752628,16.18,7.18,9.35,13.25,19.63,28.35
2007,OH,Ohio,"1,15,00,468",5990296,5657721,94.448104067,332575,5.55189593302,18.58,7.54,9.94,14.85,23.00,33.22
2007,OK,Oklahoma,"36,34,349",1726260,1655494,95.90061752,70766,4.09938248004,16.21,6.79,8.79,12.82,19.52,28.91
2007,OR,Oregon,"37,22,417",1921771,1822775,94.8487098619,98996,5.15129013811,19.25,8.70,10.59,15.35,23.20,34.63
2007,PA,Pennsylvania,"1,25,63,937",6343004,6064067,95.6024464118,278937,4.39755358817,18.73,7.56,10.00,14.83,22.90,33.89
2007,RI,Rhode Island,"10,57,315",573173,543401,94.8057567262,29772,5.19424327385,20.30,8.39,10.94,16.03,24.84,36.88
2007,SC,South Carolina,"44,44,110",2125896,2005687,94.3454900898,120209,5.65450991017,16.66,6.99,9.13,13.35,20.00,29.64
2007,SD,South Dakota,"7,91,623",442510,430018,97.1770129489,12492,2.82298705114,15.16,7.45,9.30,12.37,17.67,25.78
2007,TN,Tennessee,"61,75,727",3063676,2920357,95.3219922733,143319,4.67800772667,17.01,7.17,9.33,13.44,20.21,30.05
2007,TX,Texas,"2,38,31,983",11431664,10941425,95.7115691994,490239,4.28843080063,18.21,6.80,9.00,13.76,22.20,34.35
2007,UT,Utah,"25,97,746",1359136,1324060,97.4192428131,35076,2.58075718692,17.83,7.66,9.76,13.99,21.45,32.01
2007,VT,Vermont,"6,23,481",353731,339559,95.9935657322,14172,4.00643426785,18.30,8.67,10.79,14.81,21.87,31.05
2007,VA,Virginia,"77,51,000",4036854,3914094,96.9590180869,122760,3.04098191314,20.61,7.67,10.28,15.71,25.38,40.57
2007,WA,Washington,"64,61,587",3403169,3243308,95.3025841502,159861,4.69741584976,21.50,9.15,11.88,17.39,26.75,38.79
2007,WV,West Virginia,"18,34,052",811164,773993,95.417572772,37171,4.58242722803,15.53,6.76,8.27,12.22,19.30,27.77
2007,WI,Wisconsin,"56,10,775",3087841,2936459,95.0974807317,151382,4.90251926832,18.30,7.81,10.32,14.91,22.29,31.76
2007,WY,Wyoming,"5,34,876",286558,278485,97.1827692823,8073,2.81723071769,17.36,7.43,9.96,14.66,21.94,30.16
2007,PR,Puerto Rico,"37,82,995",1387363,1232269,88.8209502488,155094,11.1790497512,11.50,5.91,6.73,8.78,13.44,19.45
2008,AL,Alabama,"47,18,206",2176491,2053479,94.3481503025,123012,5.65184969752,17.39,7.12,9.12,13.53,21.19,31.23
2008,AK,Alaska,"6,87,455",356111,332288,93.3102319221,23823,6.68976807793,22.47,9.54,12.83,18.84,28.72,39.22
2008,AZ,Arizona,"62,80,362",3104864,2913905,93.8496823049,190959,6.15031769507,18.88,7.85,10.07,14.87,22.66,34.21
2008,AR,Arkansas,"28,74,554",1375263,1300020,94.5288283041,75243,5.47117169589,16.26,7.37,9.08,12.88,19.34,28.43
2008,CA,California,"3,66,04,337",18178125,16854483,92.7184899433,1323642,7.28151005673,23.12,8.73,11.01,17.52,29.14,44.79
2008,CO,Colorado,"48,89,730",2716628,2585246,95.1637839262,131382,4.83621607375,21.47,8.33,11.32,16.87,26.27,39.76
2008,CT,Connecticut,"35,45,579",1881454,1774680,94.3249210451,106774,5.67507895489,23.81,9.18,12.44,18.91,29.55,42.88
2008,DE,Delaware,"8,83,874",447043,424915,95.0501405905,22128,4.9498594095,21.76,8.48,11.31,16.86,26.81,39.65
2008,FL,Florida,"1,85,27,305",9215533,8637169,93.7240309378,578364,6.27596906223,18.50,7.83,9.95,14.33,22.13,33.17
2008,GA,Georgia,"95,04,843",4879258,4575008,93.7644207377,304250,6.23557926226,19.27,7.43,9.80,14.74,23.45,35.84
2008,HI,Hawaii,"13,32,213",639691,612120,95.6899503041,27571,4.31004969587,20.02,8.42,11.18,16.05,24.59,36.29
2008,ID,Idaho,"15,34,320",755150,716648,94.9014103158,38502,5.09858968417,17.94,7.71,9.86,14.32,21.94,31.79
2008,IL,Illinois,"1,27,47,038",6657238,6238620,93.7118366506,418618,6.28816334943,21.64,8.04,10.42,16.30,27.31,40.80
2008,IN,Indiana,"64,24,806",3232097,3041827,94.1131098479,190270,5.88689015212,18.16,7.62,10.01,14.59,22.25,31.86
2008,IA,Iowa,"30,16,734",1679304,1608702,95.7957582427,70602,4.2042417573,17.27,7.77,9.87,14.15,20.63,29.74
2008,KS,Kansas,"28,08,076",1499683,1430635,95.3958269848,69048,4.60417301523,18.10,7.57,9.86,14.48,22.25,31.98
2008,KY,Kentucky,"42,89,878",2030744,1900687,93.5955984605,130057,6.40440153953,17.49,7.40,9.65,14.12,21.15,30.48
2008,LA,Louisiana,"44,35,586",2084846,1982385,95.0854403635,102461,4.91455963654,17.12,7.07,9.10,13.90,21.25,30.37
2008,ME,Maine,"13,30,509",701641,663177,94.5179942449,38464,5.48200575508,18.11,8.31,10.64,14.78,21.61,30.79
2008,MD,Maryland,"56,84,965",3001958,2874990,95.7704937911,126968,4.22950620895,22.97,8.33,11.61,18.17,29.00,44.04
2008,MA,Massachusetts,"64,68,967",3452445,3261407,94.4665881716,191038,5.53341182843,24.52,9.31,12.56,19.09,30.43,46.38
2008,MI,Michigan,"99,46,889",4921471,4529293,92.0312849553,392178,7.96871504475,20.62,7.94,10.66,16.22,26.08,37.84
2008,MN,Minnesota,"52,47,018",2925088,2766337,94.5727786651,158751,5.42722133488,21.20,8.59,11.53,16.87,25.79,38.47
2008,MS,Mississippi,"29,47,806",1306773,1220991,93.4355852164,85782,6.56441478359,15.92,7.12,8.98,12.68,19.00,28.17
2008,MO,Missouri,"59,23,916",3028870,2842851,93.8584686698,186019,6.14153133017,18.55,7.64,9.77,14.52,22.79,33.40
2008,MT,Montana,"9,76,415",509162,483348,94.9301008323,25814,5.06989916765,16.44,7.41,9.34,13.41,19.98,29.13
2008,NE,Nebraska,"17,96,378",989766,956768,96.6660806696,32998,3.33391933043,17.38,7.53,9.81,14.08,21.06,30.65
2008,NV,Nevada,"26,53,630",1363575,1272188,93.297985076,91387,6.702014924,18.75,7.94,10.50,14.91,22.95,33.70
2008,NH,New Hampshire,"13,15,906",742796,714115,96.1387783456,28681,3.8612216544,20.52,8.65,11.30,16.01,24.46,36.80
2008,NJ,New Jersey,"87,11,090",4504433,4263966,94.6615478574,240467,5.33845214259,23.41,8.55,11.62,18.23,29.52,44.58
2008,NM,New Mexico,"20,10,662",944550,902414,95.5390397544,42136,4.46096024562,18.03,7.38,9.22,13.76,22.28,33.79
2008,NY,New York,"1,92,12,436",9664779,9139082,94.5606930071,525697,5.43930699295,23.84,8.56,11.64,18.15,29.42,45.49
2008,NC,North Carolina,"93,09,449",4560061,4281715,93.896002707,278346,6.10399729302,18.38,7.69,9.87,14.36,21.85,32.62
2008,ND,North Dakota,"6,57,569",371025,359333,96.84872987,11692,3.15127013005,16.90,7.56,9.72,13.81,20.27,29.49
2008,OH,Ohio,"1,15,15,391",5965179,5580849,93.5571086802,384330,6.44289131977,19.15,7.76,10.13,15.25,23.80,34.23
2008,OK,Oklahoma,"36,68,976",1746475,1681084,96.2558295996,65391,3.74417040038,16.79,7.13,9.09,13.28,19.98,29.97
2008,OR,Oregon,"37,68,748",1955125,1827352,93.4647145323,127773,6.53528546768,19.92,8.94,10.89,15.73,24.10,36.05
2008,PA,Pennsylvania,"1,26,12,285",6451540,6109644,94.7005521162,341896,5.29944788376,19.53,7.95,10.41,15.36,23.77,35.22
2008,RI,Rhode Island,"10,55,003",570328,525941,92.2172854919,44387,7.78271450814,20.87,8.41,11.15,16.42,25.64,38.21
2008,SC,South Carolina,"45,28,996",2142239,1996412,93.1927763429,145827,6.80722365712,17.33,7.34,9.45,13.85,20.74,30.79
2008,SD,South Dakota,"7,99,124",446617,432927,96.9347337876,13690,3.06526621244,15.76,7.77,9.65,12.82,18.29,26.73
2008,TN,Tennessee,"62,47,411",3054801,2853759,93.4188184435,201042,6.58118155651,17.57,7.46,9.60,13.94,20.89,30.87
2008,TX,Texas,"2,43,09,039",11664407,11104135,95.1967382482,560272,4.80326175175,18.90,7.17,9.30,14.28,23.06,35.43
2008,UT,Utah,"26,63,029",1371201,1322089,96.418322332,49112,3.58167766797,18.35,7.98,10.12,14.48,22.19,32.83
2008,VT,Vermont,"6,24,151",354891,338284,95.3205350375,16607,4.67946496248,19.12,8.96,11.22,15.31,22.79,32.65
2008,VA,Virginia,"78,33,496",4133464,3970441,96.056019842,163023,3.94398015805,21.50,7.92,10.62,16.26,26.46,42.48
2008,WA,Washington,"65,62,231",3478579,3291311,94.6165373849,187268,5.38346261505,22.32,9.42,12.19,17.92,28.00,40.45
2008,WV,West Virginia,"18,40,310",812905,777560,95.6520134579,35345,4.34798654209,16.11,7.23,8.53,12.62,19.83,28.58
2008,WI,Wisconsin,"56,40,996",3091808,2940442,95.104288494,151366,4.89571150602,18.92,7.99,10.54,15.29,23.13,32.83
2008,WY,Wyoming,"5,46,043",293279,284308,96.9411379608,8971,3.05886203922,18.35,7.92,10.61,15.52,23.01,31.34
2008,PR,Puerto Rico,"37,60,866",1345931,1187406,88.2219073638,158525,11.7780926362,11.85,6.39,7.09,9.00,13.75,19.85
2009,AL,Alabama,"47,57,938",2163003,1924749,88.9850360818,238254,11.0149639182,18.03,7.48,9.33,13.95,22.01,32.20
2009,AK,Alaska,"6,98,895",359653,331794,92.2539225309,27859,7.74607746912,23.41,9.70,13.13,19.50,29.97,41.57
2009,AZ,Arizona,"63,43,154",3128111,2817578,90.0728266996,310533,9.92717330044,19.67,8.14,10.49,15.49,23.59,35.73
2009,AR,Arkansas,"28,96,843",1358908,1252399,92.1621625599,106509,7.83783744006,16.65,7.50,9.22,13.18,19.71,28.93
2009,CA,California,"3,69,61,229",18215141,16182572,88.8413216236,2032569,11.1586783764,23.82,8.95,11.21,17.92,29.93,46.06
2009,CO,Colorado,"49,72,195",2722989,2524446,92.7086374569,198543,7.29136254315,22.11,8.55,11.51,17.44,27.22,41.06
2009,CT,Connecticut,"35,61,807",1891085,1740975,92.0622288263,150110,7.93777117369,24.50,9.22,12.53,19.29,30.37,44.20
2009,DE,Delaware,"8,91,730",437499,401311,91.7284382364,36188,8.27156176357,22.25,8.58,11.34,17.16,27.41,40.83
2009,FL,Florida,"1,86,52,644",9094832,8148129,89.5907587958,946703,10.4092412042,18.96,8.02,10.06,14.58,22.58,34.26
2009,GA,Georgia,"96,20,846",4787765,4311867,90.0601219985,475898,9.93987800153,19.88,7.64,9.87,15.04,24.19,36.98
2009,HI,Hawaii,"13,46,717",631691,586523,92.849668588,45168,7.15033141204,20.56,8.63,11.38,16.61,25.28,37.03
2009,ID,Idaho,"15,54,439",757130,690719,91.2285869005,66411,8.77141309947,18.23,7.81,9.96,14.44,22.17,32.30
2009,IL,Illinois,"1,27,96,778",6618657,5943223,89.794999197,675434,10.205000803,22.17,8.42,10.56,16.74,27.81,41.80
2009,IN,Indiana,"64,59,325",3194005,2864992,89.6990455557,329013,10.3009544443,18.43,7.77,10.04,14.72,22.47,32.40
2009,IA,Iowa,"30,32,870",1687417,1579249,93.5897291541,108168,6.41027084591,17.77,7.97,10.04,14.40,21.41,30.57
2009,KS,Kansas,"28,32,704",1518218,1413878,93.1274691777,104340,6.87253082232,18.52,7.77,9.97,14.64,22.63,33.06
2009,KY,Kentucky,"43,17,074",2060171,1847134,89.6592564404,213037,10.3407435596,17.97,7.63,9.74,14.38,21.76,31.24
2009,LA,Louisiana,"44,91,648",2064776,1923890,93.1766932587,140886,6.82330674126,17.60,7.45,9.28,14.16,21.82,31.12
2009,ME,Maine,"13,29,590",696244,639935,91.9124617232,56309,8.08753827681,18.53,8.42,10.69,15.01,22.09,31.58
2009,MD,Maryland,"57,30,388",3032700,2820247,92.9945922775,212453,7.00540772249,23.80,8.45,11.76,18.77,30.00,45.82
2009,MA,Massachusetts,"65,17,613",3470388,3189008,91.891972886,281380,8.10802711397,25.34,9.47,12.85,19.64,31.47,47.64
2009,MI,Michigan,"99,01,591",4903550,4233804,86.3416096502,669746,13.6583903498,20.64,8.19,10.67,16.22,25.81,37.62
2009,MN,Minnesota,"52,81,203",2941981,2713427,92.2312890532,228554,7.76871094681,21.60,8.59,11.55,17.14,26.36,39.26
2009,MS,Mississippi,"29,58,774",1269226,1148934,90.5224128721,120292,9.4775871279,16.14,7.43,9.01,12.74,19.26,28.33
2009,MO,Missouri,"59,61,088",3049576,2766716,90.7246122084,282860,9.27538779161,18.87,7.83,9.87,14.70,23.08,34.19
2009,MT,Montana,"9,83,982",501021,466713,93.1523828343,34308,6.84761716575,16.87,7.72,9.51,13.65,20.53,29.56
2009,NE,Nebraska,"18,12,683",991589,945652,95.3673346518,45937,4.63266534824,17.94,7.73,9.96,14.39,21.81,31.62
2009,NV,Nevada,"26,84,665",1349301,1196760,88.6948130921,152541,11.3051869079,19.42,8.09,10.70,15.26,23.80,35.21
2009,NH,New Hampshire,"13,16,102",744246,697820,93.7620087982,46426,6.23799120183,21.02,8.72,11.41,16.36,25.15,37.96
2009,NJ,New Jersey,"87,55,602",4550646,4138571,90.9446922481,412075,9.05530775191,24.04,8.71,11.72,18.56,30.32,45.79
2009,NM,New Mexico,"20,36,802",940352,869492,92.464523923,70860,7.53547607704,18.71,7.83,9.34,14.10,23.20,35.14
2009,NY,New York,"1,93,07,066",9647494,8844492,91.6765742482,803002,8.32342575181,24.42,8.70,11.77,18.49,30.00,46.10
2009,NC,North Carolina,"94,49,566",4570808,4087116,89.4178009665,483692,10.5821990335,18.95,7.81,10.02,14.70,22.50,33.99
2009,ND,North Dakota,"6,64,968",368670,353456,95.8732742019,15214,4.12672579814,17.31,7.77,9.88,14.06,20.86,29.91
2009,OH,Ohio,"1,15,28,896",5906767,5297098,89.678465394,609669,10.321534606,19.37,7.96,10.13,15.30,23.93,34.79
2009,OK,Oklahoma,"37,17,572",1764439,1652026,93.6289664874,112413,6.37103351263,17.22,7.46,9.24,13.53,20.56,30.54
2009,OR,Oregon,"38,08,600",1976643,1753686,88.7204214418,222957,11.2795785582,20.45,9.14,11.07,16.16,24.69,36.81
2009,PA,Pennsylvania,"1,26,66,858",6400267,5885356,91.9548512585,514911,8.04514874145,20.21,8.21,10.67,15.87,24.50,36.33
2009,RI,Rhode Island,"10,53,646",567285,504955,89.0125774523,62330,10.9874225477,21.31,8.54,11.21,16.80,26.24,38.94
2009,SC,South Carolina,"45,89,872",2152753,1910675,88.7549570248,242078,11.2450429752,17.81,7.59,9.61,14.14,21.38,31.51
2009,SD,South Dakota,"8,07,067",446014,423993,95.062711036,22021,4.93728896402,16.02,7.83,9.73,13.06,18.62,27.09
2009,TN,Tennessee,"63,06,019",3052692,2733118,89.5314037577,319574,10.4685962423,17.96,7.67,9.70,14.17,21.42,31.46
2009,TX,Texas,"2,48,01,761",11910813,11008912,92.4278804478,901901,7.57211955221,19.76,7.53,9.55,14.83,24.13,36.92
2009,UT,Utah,"27,23,421",1365850,1266006,92.6899732767,99844,7.31002672329,18.86,8.12,10.34,14.79,22.82,33.82
2009,VT,Vermont,"6,24,817",359861,336119,93.4024526136,23742,6.59754738635,19.68,9.17,11.42,15.73,23.38,33.98
2009,VA,Virginia,"79,25,937",4118183,3842524,93.3062955192,275659,6.69370448084,22.29,8.08,10.82,16.75,27.47,44.36
2009,WA,Washington,"66,67,426",3535199,3211647,90.8477005113,323552,9.15229948866,22.97,9.55,12.41,18.37,28.83,41.87
2009,WV,West Virginia,"18,47,775",814033,751170,92.2775857981,62863,7.72241420188,16.62,7.62,8.83,12.98,20.54,29.36
2009,WI,Wisconsin,"56,69,264",3100357,2834341,91.4198268135,266016,8.58017318651,19.32,8.05,10.57,15.56,23.62,33.95
2009,WY,Wyoming,"5,59,851",300120,281152,93.6798613888,18968,6.32013861122,19.19,8.22,11.05,16.20,24.09,32.80
2009,PR,Puerto Rico,"37,40,410",1301275,1101868,84.676029279,199407,15.323970721,12.35,6.95,7.48,9.26,14.08,20.55
2010,AL,Alabama,"47,85,492",2196053,1964561,89.4587243568,231492,10.5412756432,18.55,7.92,9.44,14.21,22.57,33.5
2010,AK,Alaska,"7,14,031",361911,333415,92.1262409819,28496,7.8737590181,24.21,9.96,13.56,20.02,30.78,42.82
2010,AZ,Arizona,"64,08,312",3089706,2769454,89.6348714085,320252,10.3651285915,20.38,8.36,10.63,15.89,24.5,37.5
2010,AR,Arkansas,"29,21,995",1353341,1242499,91.8097508315,110842,8.19024916854,17.05,7.92,9.35,13.39,20.14,29.53
2010,CA,California,"3,73,32,685",18336283,16091950,87.7601529165,2244333,12.2398470835,24.39,9.01,11.32,18.21,30.76,47.32
2010,CO,Colorado,"50,48,644",2724420,2486405,91.2636451061,238015,8.73635489389,22.48,8.68,11.55,17.68,27.82,41.99
2010,CT,Connecticut,"35,79,899",1911714,1737451,90.8844628433,174263,9.11553715671,24.96,9.28,12.62,19.56,30.89,44.93
2010,DE,Delaware,"8,99,816",434420,397870,91.5864831269,36550,8.41351687307,22.53,8.65,11.28,17.26,27.87,41.95
2010,FL,Florida,"1,88,49,098",9212068,8193661,88.9448601552,1018407,11.0551398448,19.36,8.22,10.1,14.71,22.95,35.27
2010,GA,Georgia,"97,13,521",4696692,4202061,89.4685238036,494631,10.5314761964,20.32,8.1,9.96,15.2,24.7,37.64
2010,HI,Hawaii,"13,63,945",647250,602283,93.0526071842,44967,6.94739281576,21.03,8.74,11.59,17.06,25.97,37.97
2010,ID,Idaho,"15,71,010",761063,692830,91.0345135685,68233,8.96548643148,18.56,8.17,9.98,14.54,22.48,33.28
2010,IL,Illinois,"1,28,41,578",6625335,5937051,89.6113328609,688284,10.3886671391,22.33,8.87,10.61,16.87,27.92,42.08
2010,IN,Indiana,"64,90,528",3175193,2845605,89.6199065695,329588,10.3800934305,18.76,8.18,10.13,14.85,22.68,33.25
2010,IA,Iowa,"30,50,738",1678287,1577452,93.9917904387,100835,6.0082095613,18.14,8.24,10.19,14.6,21.75,31.29
2010,KS,Kansas,"28,58,850",1500777,1394963,92.9493855516,105814,7.05061444838,18.89,8.17,10.06,14.71,22.89,33.79
2010,KY,Kentucky,"43,48,662",2054383,1844654,89.7911441051,209729,10.2088558949,18.25,8.05,9.79,14.47,22.11,31.77
2010,LA,Louisiana,"45,44,996",2086086,1919859,92.0316324447,166227,7.96836755532,18.26,7.93,9.46,14.5,22.46,32.23
2010,ME,Maine,"13,27,730",695174,638629,91.8660651866,56545,8.13393481344,18.98,8.62,10.77,15.28,22.63,32.44
2010,MD,Maryland,"57,88,584",3073831,2838494,92.3438536471,235337,7.65614635287,24.46,8.71,11.94,19.11,30.81,47.24
2010,MA,Massachusetts,"65,65,524",3480084,3190817,91.6879305212,289267,8.31206947878,25.82,9.6,13.06,20.13,32.21,48.49
2010,MI,Michigan,"98,77,495",4798964,4194045,87.394800211,604919,12.605199789,20.81,8.42,10.68,16.26,26.01,37.86
2010,MN,Minnesota,"53,11,147",2938804,2721196,92.5953551173,217608,7.40464488275,21.86,8.74,11.52,17.3,26.85,39.88
2010,MS,Mississippi,"29,70,322",1306608,1170881,89.6122632037,135727,10.3877367963,16.31,7.84,9.1,12.83,19.41,28.43
2010,MO,Missouri,"59,96,118",3056496,2763545,90.4154626736,292951,9.5845373264,19.13,8.12,9.93,14.78,23.22,34.81
2010,MT,Montana,"9,90,641",500529,464000,92.7019213672,36529,7.29807863281,17.34,8.11,9.74,13.95,21.2,30.15
2010,NE,Nebraska,"18,30,051",993400,947362,95.3656130461,46038,4.6343869539,18.42,8.16,10.1,14.57,22.2,32.66
2010,NV,Nevada,"27,03,284",1358580,1174775,86.4708003945,183805,13.5291996055,19.82,8.36,10.74,15.47,24.16,35.95
2010,NH,New Hampshire,"13,16,872",738259,695136,94.1588250194,43123,5.8411749806,21.37,8.75,11.44,16.7,25.81,38.67
2010,NJ,New Jersey,"88,03,729",4555332,4121455,90.4754033295,433877,9.52459667045,24.39,8.82,11.76,18.76,30.84,46.16
2010,NM,New Mexico,"20,64,756",936091,860156,91.8880749842,75935,8.11192501584,19.26,8.15,9.59,14.45,23.75,36.14
2010,NY,New York,"1,94,02,640",9595362,8769725,91.3954575137,825637,8.60454248626,24.86,8.78,11.81,18.69,30.59,46.96
2010,NC,North Carolina,"95,58,915",4616705,4115634,89.1465666531,501071,10.8534333469,19.47,8.18,10.13,14.95,22.97,35.18
2010,ND,North Dakota,"6,74,526",378347,364056,96.2227796177,14291,3.77722038235,17.81,8.2,10.16,14.5,21.54,30.61
2010,OH,Ohio,"1,15,40,983",5846893,5247054,89.7408931547,599839,10.2591068453,19.66,8.21,10.17,15.45,24.32,35.34
2010,OK,Oklahoma,"37,59,603",1768290,1648139,93.2052434838,120151,6.79475651618,17.76,7.9,9.43,13.89,21.23,31.36
2010,OR,Oregon,"38,38,048",1984044,1773080,89.3669696841,210964,10.6330303159,20.94,9.2,11.28,16.58,25.3,37.71
2010,PA,Pennsylvania,"1,27,12,343",6380954,5840888,91.536281252,540066,8.46371874801,20.7,8.49,10.89,16.27,25.16,37.17
2010,RI,Rhode Island,"10,53,337",566704,503216,88.7969733759,63488,11.2030266241,22.08,8.7,11.38,17.39,27.63,40.39
2010,SC,South Carolina,"46,35,943",2155667,1915043,88.837608035,240624,11.162391965,18.23,8.02,9.7,14.33,21.93,32.45
2010,SD,South Dakota,"8,16,325",441343,419355,95.0179338972,21988,4.98206610278,16.53,8.22,9.96,13.42,19.09,27.91
2010,TN,Tennessee,"63,56,671",3090793,2792063,90.3348428704,298730,9.66515712958,18.43,8.09,9.86,14.38,21.86,32.38
2010,TX,Texas,"2,52,44,310",12241994,11244644,91.8530428948,997350,8.14695710519,20.3,7.99,9.69,15.14,24.78,37.83
2010,UT,Utah,"27,75,326",1356104,1249819,92.1624742645,106285,7.83752573549,19.29,8.42,10.54,15.04,23.32,34.65
2010,VT,Vermont,"6,25,982",359406,337487,93.9013260769,21919,6.09867392308,20.21,9.27,11.44,15.97,23.81,35.16
2010,VA,Virginia,"80,25,773",4157667,3860390,92.8499083741,297277,7.1500916259,23,8.42,10.94,17.18,28.35,45.9
2010,WA,Washington,"67,43,226",3511326,3160543,90.0099563527,350783,9.99004364733,23.53,9.61,12.58,18.76,29.58,43.18
2010,WV,West Virginia,"18,54,230",811128,740911,91.3432898383,70217,8.65671016165,17.01,7.8,9.04,13.19,20.98,30.01
2010,WI,Wisconsin,"56,90,263",3081515,2814394,91.3315041465,267121,8.6684958535,19.7,8.34,10.58,15.78,23.99,34.78
2010,WY,Wyoming,"5,64,513",303297,283743,93.5528541331,19554,6.44714586692,19.96,8.61,11.35,16.84,25.16,34.38
2010,PR,Puerto Rico,"37,21,525",1268673,1061056,83.6351053424,207617,16.3648946576,12.92,7.55,8.03,9.42,14.58,21.54
2011,AL,Alabama,"47,99,918",2202672,1990414,90.363612921,212258,9.63638707897,18.84,8.23,9.57,14.35,22.91,34.18
2011,AK,Alaska,"7,22,713",365916,338165,92.416018977,27751,7.58398102297,24.8,9.97,13.8,20.65,31.54,43.9
2011,AZ,Arizona,"64,67,163",3037016,2748469,90.4989963833,288547,9.50100361671,21,8.6,10.9,16.4,25.52,39.19
2011,AR,Arkansas,"29,39,493",1362688,1249512,91.694650573,113176,8.30534942701,17.47,8.18,9.43,13.68,20.78,30.36
2011,CA,California,"3,76,76,861",18415107,16258137,88.2869537494,2156970,11.7130462506,24.96,9.04,11.46,18.52,31.63,48.77
2011,CO,Colorado,"51,18,360",2736084,2507266,91.6370257638,228818,8.36297423617,22.84,8.79,11.54,17.82,28.3,42.85
2011,CT,Connecticut,"35,89,893",1914776,1745967,91.183877383,168809,8.81612261695,25.4,9.31,12.65,19.87,31.64,45.57
2011,DE,Delaware,"9,07,924",443346,410086,92.4979587049,33260,7.50204129506,22.8,8.72,11.28,17.4,28.06,42.82
2011,FL,Florida,"1,90,96,952",9300549,8371644,90.0123637863,928905,9.98763621373,19.59,8.38,10.16,14.79,23.14,35.71
2011,GA,Georgia,"98,11,610",4748773,4263314,89.7771698079,485459,10.2228301921,20.48,8.31,9.96,15.25,24.92,37.65
2011,HI,Hawaii,"13,77,864",660255,615320,93.1942961432,44935,6.80570385684,21.44,8.85,11.77,17.44,26.53,38.73
2011,ID,Idaho,"15,84,143",765183,701469,91.6733644109,63714,8.32663558913,18.52,8.33,9.97,14.51,22.36,33.58
2011,IL,Illinois,"1,28,60,012",6586894,5948368,90.3061139287,638526,9.69388607134,22.38,8.98,10.71,16.95,27.97,41.95
2011,IN,Indiana,"65,16,480",3181998,2891947,90.8846265774,290051,9.11537342261,19.08,8.39,10.22,15.04,23.05,34.12
2011,IA,Iowa,"30,65,223",1662395,1570190,94.4534842802,92205,5.54651571979,18.66,8.44,10.37,14.99,22.35,32.56
2011,KS,Kansas,"28,69,503",1491101,1394089,93.4939350185,97012,6.50606498151,19.24,8.38,10.16,14.82,23.26,34.71
2011,KY,Kentucky,"43,69,354",2056423,1862935,90.591040851,193488,9.40895914897,18.58,8.3,9.89,14.62,22.44,32.91
2011,LA,Louisiana,"45,75,404",2073219,1911022,92.176562148,162197,7.82343785196,18.65,8.25,9.65,14.77,22.75,33.22
2011,ME,Maine,"13,28,231",699274,644083,92.10738566,55191,7.89261434002,19.32,8.76,10.89,15.63,23.06,33.38
2011,MD,Maryland,"58,43,603",3096561,2872082,92.7506998893,224479,7.24930011067,24.93,8.83,12.02,19.45,31.55,48.45
2011,MA,Massachusetts,"66,11,923",3469309,3217754,92.7491324641,251555,7.25086753587,26.32,9.6,13.17,20.54,33.07,49.54
2011,MI,Michigan,"98,76,213",4685170,4198354,89.6094271926,486816,10.3905728074,21.01,8.62,10.8,16.47,26.34,37.94
2011,MN,Minnesota,"53,48,562",2946286,2755268,93.516651133,191018,6.48334886701,22.19,8.82,11.5,17.54,27.38,40.89
2011,MS,Mississippi,"29,78,162",1342814,1208749,90.0161154114,134065,9.98388458863,16.72,8.11,9.2,13.11,19.9,29.01
2011,MO,Missouri,"60,10,717",3047794,2789227,91.5162573324,258567,8.48374266765,19.47,8.33,10.02,14.99,23.72,35.46
2011,MT,Montana,"9,97,821",501230,466406,93.0522913632,34824,6.94770863675,17.71,8.33,9.88,14.13,21.67,30.87
2011,NE,Nebraska,"18,42,283",1003266,959063,95.594089703,44203,4.40591029697,18.82,8.41,10.29,14.82,22.58,33.45
2011,NV,Nevada,"27,18,379",1373117,1194265,86.9747443226,178852,13.0252556774,20.13,8.52,10.77,15.7,24.51,36.46
2011,NH,New Hampshire,"13,18,473",736304,696532,94.5984267368,39772,5.40157326322,21.74,8.88,11.56,16.99,26.34,39.25
2011,NJ,New Jersey,"88,41,243",4565272,4138466,90.651028022,426806,9.34897197801,24.78,8.94,11.85,19.01,31.49,46.7
2011,NM,New Mexico,"20,77,756",930361,860308,92.4703421575,70053,7.52965784249,19.61,8.48,9.97,14.92,24.15,36.29
2011,NY,New York,"1,95,19,529",9517370,8728058,91.7066164287,789312,8.2933835713,25.39,8.85,11.85,19.02,31.4,48.29
2011,NC,North Carolina,"96,50,963",4633079,4157543,89.736069685,475536,10.263930315,19.83,8.39,10.24,15.16,23.28,35.83
2011,ND,North Dakota,"6,85,476",388637,375153,96.5304384297,13484,3.46956157031,18.69,8.53,10.64,15.4,22.59,32.06
2011,OH,Ohio,"1,15,44,824",5771477,5261242,91.159368737,510235,8.84063126302,20,8.43,10.27,15.67,24.7,35.87
2011,OK,Oklahoma,"37,86,274",1772673,1668422,94.1189943097,104251,5.88100569028,18.36,8.25,9.66,14.26,21.95,32.82
2011,OR,Oregon,"38,68,031",1993892,1804323,90.4925141382,189569,9.50748586182,21.29,9.21,11.36,16.9,25.95,38.51
2011,PA,Pennsylvania,"1,27,44,293",6395505,5888745,92.0763098457,506760,7.92369015426,21.19,8.68,11.09,16.71,25.87,38.11
2011,RI,Rhode Island,"10,52,451",560056,498248,88.9639607468,61808,11.0360392532,22.78,8.88,11.57,17.72,28.54,42.45
2011,SC,South Carolina,"46,72,637",2175527,1945899,89.4449482815,229628,10.5550517185,18.54,8.26,9.72,14.45,22.29,33.41
2011,SD,South Dakota,"8,24,398",440935,420055,95.2646081622,20880,4.7353918378,17.01,8.53,10.3,13.78,19.6,28.46
2011,TN,Tennessee,"63,97,634",3125315,2844668,91.0202011637,280647,8.97979883628,18.81,8.31,9.92,14.56,22.3,33.6
2011,TX,Texas,"2,56,46,389",12504512,11535100,92.2475023416,969412,7.75249765845,20.72,8.28,9.87,15.44,25.37,38.68
2011,UT,Utah,"28,16,124",1350447,1259338,93.2534190531,91109,6.7465809469,19.69,8.55,10.63,15.41,23.99,35.33
2011,VT,Vermont,"6,26,730",358108,338464,94.5145040044,19644,5.48549599562,20.71,9.32,11.55,16.36,24.43,35.75
2011,VA,Virginia,"81,10,035",4211815,3934333,93.4118188952,277482,6.58818110482,23.5,8.59,11.04,17.45,28.94,47.08
2011,WA,Washington,"68,22,520",3461432,3140192,90.7194479048,321240,9.2805520952,24.17,9.7,12.88,19.3,30.55,44.38
2011,WV,West Virginia,"18,54,972",807025,741977,91.9397788173,65048,8.06022118274,17.42,8.14,9.23,13.46,21.47,31.05
2011,WI,Wisconsin,"57,09,640",3079767,2841002,92.2473031239,238765,7.75269687609,19.92,8.5,10.69,16.04,24.27,35.16
2011,WY,Wyoming,"5,67,725",306815,289019,94.1997620716,17796,5.80023792839,20.44,8.86,11.64,17.37,25.92,35.05
2011,PR,Puerto Rico,"36,78,732",1220246,1025560,84.0453482331,194686,15.9546517669,13.07,7.79,8.42,9.54,14.72,21.5
2012,AL,Alabama,"48,15,960",2176343,2003292,92.0485419807,173051,7.95145801926,19.01,8.24,9.54,14.4,23.12,34.73
2012,AK,Alaska,"7,31,089",365523,339476,92.8740462296,26047,7.12595377035,25.02,10.01,14,20.92,31.78,43.78
2012,AZ,Arizona,"65,49,634",3028879,2776350,91.6626250174,252529,8.33737498263,21.13,8.67,10.79,16.34,25.69,39.56
2012,AR,Arkansas,"29,50,685",1342758,1241128,92.4312497114,101630,7.56875028859,17.72,8.21,9.44,13.79,21.08,31.35
2012,CA,California,"3,80,11,074",18523796,16602671,89.6288806031,1921125,10.3711193969,25.17,9.04,11.46,18.64,32.09,49.49
2012,CO,Colorado,"51,89,867",2757220,2539940,92.1195987263,217280,7.88040127375,23.13,8.88,11.57,17.84,28.52,43.55
2012,CT,Connecticut,"35,93,795",1887417,1729838,91.6510765771,157579,8.34892342286,25.85,9.36,12.73,20.2,32.32,46.55
2012,DE,Delaware,"9,16,993",445572,413458,92.7926350848,32114,7.20736491521,23.25,8.76,11.38,17.65,28.7,43.94
2012,FL,Florida,"1,93,44,156",9383001,8588671,91.5343715726,794330,8.46562842741,19.68,8.51,10.07,14.72,23.19,35.89
2012,GA,Georgia,"99,14,668",4787389,4348099,90.8240170164,439290,9.17598298363,20.82,8.36,10.1,15.48,25.35,38.53
2012,HI,Hawaii,"13,91,820",647186,608302,93.9918354229,38884,6.00816457711,21.54,8.9,11.82,17.47,26.64,39.22
2012,ID,Idaho,"15,95,911",769254,713706,92.7789780749,55548,7.22102192514,18.48,8.35,9.94,14.58,22.37,33.56
2012,IL,Illinois,"1,28,70,798",6581881,5990653,91.0173398759,591228,8.98266012406,22.68,9.01,10.75,17.06,28.4,42.83
2012,IN,Indiana,"65,37,743",3169843,2905553,91.6623630886,264290,8.33763691135,19.38,8.44,10.3,15.26,23.45,34.7
2012,IA,Iowa,"30,76,310",1653144,1569881,94.9633546745,83263,5.03664532551,19.02,8.49,10.48,15.33,22.78,33.27
2012,KS,Kansas,"28,85,262",1485237,1400131,94.2698707344,85106,5.73012926557,19.53,8.42,10.25,15.06,23.6,35.23
2012,KY,Kentucky,"43,84,799",2059142,1891174,91.8428160855,167968,8.15718391447,18.72,8.36,10,14.78,22.67,33.2
2012,LA,Louisiana,"46,03,429",2080283,1933141,92.9268277441,147142,7.07317225589,18.86,8.3,9.77,14.93,22.97,33.74
2012,ME,Maine,"13,28,895",702638,650124,92.5261656785,52514,7.47383432151,19.64,8.84,11.04,15.84,23.59,34.07
2012,MD,Maryland,"58,89,651",3119647,2902307,93.0331861265,217340,6.96681387349,25.17,8.81,11.99,19.52,31.94,48.8
2012,MA,Massachusetts,"66,58,008",3485166,3252532,93.3250238296,232634,6.67497617043,26.73,9.6,13.26,20.88,33.52,50.5
2012,MI,Michigan,"98,87,238",4672701,4246659,90.882318385,426042,9.11768161498,21.14,8.64,10.8,16.52,26.47,38.33
2012,MN,Minnesota,"53,80,285",2946364,2781141,94.3923086217,165223,5.60769137825,22.42,8.81,11.5,17.74,27.78,41.6
2012,MS,Mississippi,"29,84,945",1316552,1198204,91.0107614435,118348,8.98923855647,16.98,8.16,9.27,13.37,20.3,29.57
2012,MO,Missouri,"60,25,415",3025316,2815279,93.0573533476,210037,6.94264665245,19.79,8.39,10.14,15.21,24.15,36.1
2012,MT,Montana,"10,05,196",506494,476176,94.0141442939,30318,5.98585570609,18.29,8.53,10.11,14.49,22.33,32.28
2012,NE,Nebraska,"18,55,725",1014991,974433,96.0041024994,40558,3.99589750057,19,8.48,10.44,15.01,22.77,33.95
2012,NV,Nevada,"27,52,565",1376384,1222711,88.8350198782,153673,11.1649801218,20.16,8.55,10.79,15.87,24.58,36.55
2012,NH,New Hampshire,"13,21,182",741094,700372,94.5051504937,40722,5.49484950627,21.92,8.91,11.61,17.18,26.52,39.52
2012,NJ,New Jersey,"88,73,211",4588035,4159987,90.6703414425,428048,9.32965855753,25,8.96,11.87,19.17,31.85,47.23
2012,NM,New Mexico,"20,83,784",927797,861619,92.8671896977,66178,7.13281030225,19.92,8.52,10.12,15.11,24.5,36.92
2012,NY,New York,"1,96,02,769",9612240,8793387,91.4811427929,818853,8.51885720706,25.76,8.87,11.87,19.19,31.99,49.56
2012,NC,North Carolina,"97,46,175",4680067,4245682,90.7184021083,434385,9.28159789165,20.07,8.42,10.28,15.31,23.64,36.39
2012,ND,North Dakota,"7,02,087",397874,385677,96.934456637,12197,3.06554336297,19.64,8.77,11.29,16.4,23.73,33.64
2012,OH,Ohio,"1,15,50,839",5705600,5284010,92.6109436343,421590,7.38905636568,20.52,8.57,10.38,16.03,25.47,36.68
2012,OK,Oklahoma,"38,17,054",1803868,1709262,94.7553812141,94606,5.24461878585,18.83,8.32,9.82,14.52,22.41,33.79
2012,OR,Oregon,"38,99,116",1953444,1780793,91.1617123398,172651,8.83828766015,21.75,9.3,11.49,17.14,26.59,39.66
2012,PA,Pennsylvania,"1,27,71,854",6462945,5957316,92.1764922957,505629,7.82350770431,21.4,8.73,11.14,16.78,26.12,38.7
2012,RI,Rhode Island,"10,52,901",558489,500436,89.6053458528,58053,10.3946541472,23.31,8.84,11.6,17.96,29.35,43.65
2012,SC,South Carolina,"47,20,760",2186880,1985620,90.7969344454,201260,9.20306555458,18.61,8.27,9.68,14.52,22.46,33.69
2012,SD,South Dakota,"8,34,441",442448,423504,95.7183669041,18944,4.28163309587,17.32,8.56,10.38,13.99,19.99,28.98
2012,TN,Tennessee,"64,54,306",3100682,2857952,92.1717222211,242730,7.82827777889,18.9,8.34,9.95,14.59,22.44,33.9
2012,TX,Texas,"2,60,71,655",12670483,11818688,93.2773281019,851795,6.72267189814,20.97,8.32,9.9,15.55,25.57,39.66
2012,UT,Utah,"28,55,782",1372970,1298807,94.5983524767,74163,5.40164752325,20.12,8.61,10.73,15.75,24.61,36.22
2012,VT,Vermont,"6,26,444",354859,337284,95.0473286573,17575,4.9526713427,21,9.43,11.73,16.61,24.94,36.26
2012,VA,Virginia,"81,92,048",4223850,3967988,93.9424458728,255862,6.05755412716,23.82,8.64,11.12,17.61,29.39,48.14
2012,WA,Washington,"68,95,226",3471290,3189275,91.8757868112,282015,8.12421318876,24.59,9.79,12.91,19.47,31.24,45.41
2012,WV,West Virginia,"18,56,560",807921,747387,92.5074357518,60534,7.49256424824,17.84,8.19,9.34,13.73,22.03,31.98
2012,WI,Wisconsin,"57,26,177",3073988,2857422,92.9548846645,216566,7.04511533552,20.15,8.58,10.82,16.18,24.57,35.62
2012,WY,Wyoming,"5,76,765",307272,290935,94.683212268,16337,5.31678773204,20.76,8.94,11.86,17.67,26.37,35.41
2012,PR,Puerto Rico,"36,34,488",1194288,1021392,85.523089908,172896,14.476910092,13.12,7.83,8.45,9.61,14.8,21.56
2013,AL,Alabama,"48,29,479",2168417,2011639,92.7699330894,156778,7.23006691056,19.35,8.27,9.62,14.61,23.64,35.4
2013,AK,Alaska,"7,36,879",364977,339732,93.083125786,25245,6.91687421399,25.53,10.12,14.15,21.32,32.53,44.63
2013,AZ,Arizona,"66,24,617",3036685,2801510,92.25553523,235175,7.74446476997,21.33,8.76,10.87,16.43,25.91,40.08
2013,AR,Arkansas,"29,58,663",1308388,1212406,92.6641026974,95982,7.33589730263,17.95,8.21,9.43,13.9,21.28,31.93
2013,CA,California,"3,83,35,203",18624333,16958740,91.0568985209,1665593,8.94310147912,25.49,9.08,11.55,18.71,32.41,50.58
2013,CO,Colorado,"52,67,603",2775676,2585966,93.1652685688,189710,6.83473143119,23.53,8.96,11.68,18.04,28.94,44.3
2013,CT,Connecticut,"35,96,003",1868823,1723929,92.2467777847,144894,7.75322221527,26.16,9.36,12.69,20.33,32.86,47.39
2013,DE,Delaware,"9,25,395",442495,412750,93.2778901457,29745,6.72210985435,23.68,8.85,11.55,17.94,29.1,44.55
2013,FL,Florida,"1,95,82,022",9446597,8762921,92.7627271493,683676,7.23727285074,19.78,8.59,10.09,14.74,23.19,35.92
2013,GA,Georgia,"99,84,938",4758379,4367153,91.7781664722,391226,8.22183352776,21.17,8.38,10.12,15.63,25.83,39.95
2013,HI,Hawaii,"14,06,481",649550,617997,95.1423293049,31553,4.8576706951,21.84,8.97,11.98,17.75,27,39.61
2013,ID,Idaho,"16,12,011",771896,724439,93.8518919647,47457,6.14810803528,18.67,8.36,10.01,14.68,22.5,33.87
2013,IL,Illinois,"1,28,79,505",6555064,5958988,90.9066334059,596076,9.09336659413,22.92,9.05,10.9,17.18,28.72,43.46
2013,IN,Indiana,"65,69,102",3190970,2946559,92.3405422176,244411,7.65945778243,19.61,8.45,10.33,15.38,23.78,35.17
2013,IA,Iowa,"30,91,930",1677542,1597884,95.2515048804,79658,4.74849511965,19.35,8.53,10.6,15.57,23.21,34.03
2013,KS,Kansas,"28,92,821",1486920,1407991,94.6917789794,78929,5.30822102063,19.83,8.5,10.46,15.44,24.01,35.59
2013,KY,Kentucky,"44,00,477",2057479,1891695,91.9423721943,165784,8.05762780568,19,8.4,10.14,15.01,23.08,33.81
2013,LA,Louisiana,"46,26,402",2105057,1964773,93.3358574138,140284,6.66414258616,18.99,8.31,9.84,15.03,23.1,34.02
2013,ME,Maine,"13,29,076",707362,660430,93.3652076306,46932,6.6347923694,19.92,8.87,11.13,16.06,23.91,34.72
2013,MD,Maryland,"59,31,129",3127157,2920244,93.3833510758,206913,6.61664892425,25.41,8.82,11.97,19.57,32.3,49.68
2013,MA,Massachusetts,"67,06,786",3511115,3274879,93.2717669458,236236,6.72823305417,27.12,9.6,13.32,21.07,34.02,51.51
2013,MI,Michigan,"98,98,982",4727634,4310032,91.1667865998,417602,8.83321340019,21.42,8.68,10.89,16.67,26.88,39.36
2013,MN,Minnesota,"54,18,521",2955278,2808758,95.0420907948,146520,4.95790920516,22.77,8.88,11.67,17.98,28.23,42.46
2013,MS,Mississippi,"29,90,482",1269720,1160510,91.3988910941,109210,8.6011089059,17.34,8.19,9.34,13.57,20.7,30.37
2013,MO,Missouri,"60,42,711",3022529,2820772,93.3248944841,201757,6.67510551594,20.2,8.43,10.27,15.55,24.78,36.79
2013,MT,Montana,"10,14,314",512246,484477,94.5789718221,27769,5.42102817787,18.79,8.65,10.3,14.79,22.85,33.32
2013,NE,Nebraska,"18,68,559",1018265,979613,96.2041315375,38652,3.79586846253,19.33,8.53,10.6,15.31,23.24,34.47
2013,NV,Nevada,"27,86,464",1382145,1249721,90.4189502549,132424,9.58104974514,20.3,8.57,10.83,16.03,24.69,36.6
2013,NH,New Hampshire,"13,22,687",742027,704309,94.916896555,37718,5.08310344502,22.22,8.93,11.58,17.21,26.82,40.55
2013,NJ,New Jersey,"88,99,162",4531860,4159541,91.7844108159,372319,8.21558918413,25.39,8.98,11.94,19.35,32.43,48.49
2013,NM,New Mexico,"20,85,193",923576,859297,93.040204596,64279,6.95979540395,19.94,8.53,10.13,15.14,24.52,36.77
2013,NY,New York,"1,96,73,546",9623087,8881173,92.2902702636,741914,7.70972973641,26.24,8.91,11.95,19.45,32.73,50.91
2013,NC,North Carolina,"98,41,590",4681714,4307942,92.0163427326,373772,7.9836572674,20.39,8.44,10.33,15.46,24.02,37.17
2013,ND,North Dakota,"7,24,019",407011,395216,97.1020439251,11795,2.8979560749,20.39,9.01,11.85,17.14,24.81,34.73
2013,OH,Ohio,"1,15,70,022",5715263,5288325,92.5298625803,426938,7.47013741975,20.76,8.67,10.48,16.22,25.72,37.04
2013,OK,Oklahoma,"38,52,415",1806060,1710381,94.7023354706,95679,5.29766452942,19.2,8.37,9.99,14.77,22.7,34.5
2013,OR,Oregon,"39,25,751",1906990,1756495,92.1082438817,150495,7.89175611828,22.01,9.37,11.55,17.24,26.91,40.46
2013,PA,Pennsylvania,"1,27,81,338",6441931,5968344,92.648368944,473587,7.35163105597,21.77,8.75,11.22,16.98,26.59,39.84
2013,RI,Rhode Island,"10,53,033",557117,505605,90.753827293,51512,9.24617270699,23.47,8.93,11.7,18.03,29.34,43.78
2013,SC,South Carolina,"47,67,894",2194317,2026668,92.3598550255,167649,7.6401449745,18.75,8.29,9.69,14.56,22.56,33.99
2013,SD,South Dakota,"8,44,922",444715,427911,96.2214002226,16804,3.77859977739,17.56,8.6,10.47,14.14,20.37,29.47
2013,TN,Tennessee,"64,94,821",3072525,2832883,92.2004865705,239642,7.79951342951,19.33,8.38,10.09,14.9,22.99,34.61
2013,TX,Texas,"2,64,73,525",12872236,12070818,93.7740575919,801418,6.22594240814,21.35,8.37,10.09,15.81,26.01,40.57
2013,UT,Utah,"29,02,663",1408454,1343807,95.4100737404,64647,4.58992625957,20.55,8.64,10.82,16,25.25,37.22
2013,VT,Vermont,"6,27,140",351255,335788,95.5966463111,15467,4.40335368892,21.18,9.57,12.05,17.01,25.46,36.41
2013,VA,Virginia,"82,62,692",4236572,3994587,94.2881886582,241985,5.71181134181,24.1,8.69,11.22,17.77,29.78,48.61
2013,WA,Washington,"69,68,006",3462206,3218574,92.9630992494,243632,7.03690075056,25.04,9.88,12.94,19.67,31.79,46.67
2013,WV,West Virginia,"18,53,231",798177,744204,93.2379660151,53973,6.76203398494,18.05,8.22,9.42,13.96,22.36,32.52
2013,WI,Wisconsin,"57,42,854",3082633,2875003,93.2645241908,207630,6.73547580915,20.34,8.62,10.91,16.32,24.91,36.03
2013,WY,Wyoming,"5,82,684",306345,291937,95.2968058888,14408,4.70319411121,21.05,8.98,11.97,17.79,26.73,35.8
2013,PR,Puerto Rico,"35,93,077",1166310,999534,85.7005427374,166776,14.2994572626,13.13,7.82,8.43,9.51,14.84,21.95
2014,AL,Alabama,"48,43,214",2162392,2015440,93.2041923943,146952,6.79580760565,19.66,8.3,9.72,14.83,23.95,36.04
2014,AK,Alaska,"7,36,705",365482,340487,93.1610859085,24995,6.83891409153,25.98,10.36,14.43,21.73,33.14,45.57
2014,AZ,Arizona,"67,19,993",3096112,2886392,93.2263432331,209720,6.77365676694,21.43,8.83,10.9,16.46,26.06,40.17
2014,AR,Arkansas,"29,66,912",1303116,1223806,93.9138188772,79310,6.08618112279,18.24,8.23,9.49,14.01,21.66,32.55
2014,CA,California,"3,86,80,810",18755036,17348650,92.5012887205,1406386,7.49871127947,25.91,9.15,11.68,18.84,32.79,51.68
2014,CO,Colorado,"53,49,648",2810414,2669954,95.0021598241,140460,4.99784017586,23.97,9.07,11.86,18.28,29.33,45.31
2014,CT,Connecticut,"35,91,873",1883738,1759110,93.3840056314,124628,6.61599436864,26.47,9.45,12.89,20.67,33.16,48.08
2014,DE,Delaware,"9,34,948",453251,427348,94.2850650081,25903,5.71493499187,23.81,8.98,11.63,18.03,29.31,44.82
2014,FL,Florida,"1,98,88,741",9579630,8978166,93.7214276543,601464,6.2785723457,20.11,8.69,10.22,14.93,23.63,36.56
2014,GA,Georgia,"1,00,87,231",4757073,4418480,92.8823249086,338593,7.11767509138,21.48,8.4,10.22,15.79,26.12,40.57
2014,HI,Hawaii,"14,16,349",666082,636985,95.6316189298,29097,4.3683810702,22.23,9.03,12.19,18.01,27.37,40.44
2014,ID,Idaho,"16,33,532",780877,742992,95.1484036538,37885,4.85159634616,19.12,8.43,10.22,14.93,22.85,34.5
2014,IL,Illinois,"1,28,67,544",6507198,6046064,92.9134782744,461134,7.08652172563,23.45,9.08,11.03,17.59,29.47,44.63
2014,IN,Indiana,"65,95,233",3227208,3035184,94.049841225,192024,5.95015877502,19.94,8.49,10.44,15.63,24.12,35.73
2014,IA,Iowa,"31,08,030",1703999,1631050,95.7189528867,72949,4.28104711329,19.77,8.62,10.86,15.91,23.74,34.78
2014,KS,Kansas,"28,99,360",1493990,1426199,95.4624194272,67791,4.53758057283,20.2,8.58,10.69,15.83,24.27,36.14
2014,KY,Kentucky,"44,13,057",2007192,1877815,93.5543286342,129377,6.44567136577,19.25,8.44,10.3,15.3,23.45,34.13
2014,LA,Louisiana,"46,47,880",2152211,2015122,93.6303178452,137089,6.36968215477,19.32,8.32,9.87,15.2,23.45,34.59
2014,ME,Maine,"13,30,719",696588,657353,94.367545809,39235,5.632454191,20.26,8.92,11.27,16.29,24.37,35.25
2014,MD,Maryland,"59,67,295",3125329,2943562,94.1840683013,181767,5.81593169871,25.7,8.86,12.09,19.63,32.58,50.43
2014,MA,Massachusetts,"67,49,911",3553751,3349160,94.2429562454,204591,5.75704375461,27.7,9.69,13.46,21.48,34.75,52.88
2014,MI,Michigan,"99,15,767",4754169,4408804,92.735533802,345365,7.26446619798,21.7,8.68,10.88,16.7,27.13,40.24
2014,MN,Minnesota,"54,53,109",2961335,2837610,95.8219856923,123725,4.17801430774,23.23,8.98,11.89,18.3,28.72,43.26
2014,MS,Mississippi,"29,92,400",1246853,1152789,92.455886941,94064,7.54411305904,17.67,8.22,9.41,13.76,21.16,30.91
2014,MO,Missouri,"60,60,930",3059081,2872378,93.8967618053,186703,6.10323819474,20.57,8.5,10.39,15.76,25.2,37.69
2014,MT,Montana,"10,22,867",513668,489681,95.3302522252,23987,4.66974777483,19.17,8.77,10.5,15.15,23.35,34.02
2014,NE,Nebraska,"18,81,145",1011783,978457,96.7062107191,33326,3.2937892809,19.75,8.61,10.77,15.66,23.79,35.2
2014,NV,Nevada,"28,33,013",1395375,1284908,92.0833467706,110467,7.91665322942,20.34,8.62,10.92,16.13,24.65,36.76
2014,NH,New Hampshire,"13,28,743",740995,709326,95.7261519983,31669,4.27384800167,22.63,8.98,11.69,17.51,27.31,41.3
2014,NJ,New Jersey,"89,25,001",4515812,4211531,93.2618762694,304281,6.73812373057,25.92,9.2,12.01,19.56,32.88,49.29
2014,NM,New Mexico,"20,83,024",922387,860395,93.2791767447,61992,6.72082325531,20.31,8.55,10.18,15.29,25,37.86
2014,NY,New York,"1,97,18,515",9570719,8965446,93.6757833973,605273,6.32421660274,26.75,9.08,12.01,19.65,33.2,51.88
2014,NC,North Carolina,"99,34,399",4687993,4392650,93.7000119241,295343,6.29998807592,20.81,8.46,10.39,15.63,24.45,38.23
2014,ND,North Dakota,"7,39,904",415361,404206,97.3143843548,11155,2.68561564519,21.2,9.34,12.46,17.75,25.79,35.98
2014,OH,Ohio,"1,15,94,408",5697706,5367285,94.2008064298,330421,5.79919357018,21.11,8.77,10.65,16.47,26.17,37.64
2014,OK,Oklahoma,"38,77,499",1793258,1712630,95.5038259972,80628,4.49617400285,19.64,8.42,10.19,15.17,23.22,35.25
2014,OR,Oregon,"39,68,371",1937891,1805954,93.1917223415,131937,6.80827765855,22.53,9.47,11.7,17.5,27.5,41.64
2014,PA,Pennsylvania,"1,27,90,565",6399191,6025456,94.1596523686,373735,5.84034763144,22,8.75,11.26,17.13,26.98,40.39
2014,RI,Rhode Island,"10,54,480",555419,512697,92.3081493431,42722,7.69185065689,23.83,9.03,11.87,18.43,29.8,44.45
2014,SC,South Carolina,"48,28,430",2224663,2081509,93.565137731,143154,6.43486226903,19.03,8.32,9.81,14.74,23.02,34.46
2014,SD,South Dakota,"8,52,561",448205,432825,96.5685344876,15380,3.43146551243,17.93,8.66,10.59,14.36,20.95,30.26
2014,TN,Tennessee,"65,44,663",3040071,2841456,93.4667644275,198615,6.53323557246,19.55,8.43,10.26,15.02,23.28,35.12
2014,TX,Texas,"2,69,44,751",13004363,12340575,94.8956515594,663788,5.1043484406,21.79,8.45,10.36,16.18,26.53,41.42
2014,UT,Utah,"29,41,836",1430504,1375910,96.1835828491,54594,3.81641715088,20.94,8.71,10.97,16.2,25.64,38.42
2014,VT,Vermont,"6,26,984",347962,334199,96.0446830401,13763,3.9553169599,21.41,9.75,12.28,17.39,25.85,36.74
2014,VA,Virginia,"83,17,372",4248797,4026451,94.766848122,222346,5.23315187805,24.4,8.73,11.36,18.05,30.03,48.88
2014,WA,Washington,"70,54,196",3490448,3276709,93.8764594115,213739,6.12354058849,25.26,10.18,13.06,19.76,31.79,47.44
2014,WV,West Virginia,"18,48,514",788960,736506,93.3515007098,52454,6.6484992902,18.21,8.24,9.5,14.14,22.5,32.67
2014,WI,Wisconsin,"57,58,377",3085095,2917800,94.5773144749,167295,5.42268552508,20.62,8.66,11.04,16.52,25.26,36.53
2014,WY,Wyoming,"5,83,642",306458,293735,95.8483707392,12723,4.15162926078,21.6,9.05,12.22,18.16,27.45,36.7
2014,PR,Puerto Rico,"35,34,874",1134274,976465,86.0872240746,157809,13.9127759254,13.23,7.82,8.41,9.42,14.6,22.73
2015,AL,Alabama,"48,53,875",2152299,2020680,93.8847251242,131619,6.11527487584,20.15,8.36,9.93,15.17,24.39,36.88
2015,AK,Alaska,"7,37,709",362663,339309,93.5604128351,23354,6.43958716494,26.81,10.62,14.73,22.32,34.22,47.47
2015,AZ,Arizona,"68,17,565",3164886,2974069,93.9708096911,190817,6.02919030891,21.78,8.96,11.1,16.67,26.48,40.64
2015,AR,Arkansas,"29,77,853",1332585,1265178,94.9416359932,67407,5.0583640068,18.53,8.31,9.55,14.14,22,33.05
2015,CA,California,"3,89,93,940",18893152,17723268,93.8078939925,1169884,6.19210600751,26.57,9.48,11.98,19.15,33.27,53.08
2015,CO,Colorado,"54,48,819",2833514,2722987,96.0992957861,110527,3.90070421392,24.61,9.21,12.04,18.66,29.97,46.6
2015,CT,Connecticut,"35,84,730",1890507,1782271,94.2747633307,108236,5.72523666932,27.06,9.63,13.11,21.07,33.74,49.26
2015,DE,Delaware,"9,44,076",467226,444629,95.1635825061,22597,4.83641749389,24.18,9.1,11.85,18.15,29.73,45.71
2015,FL,Florida,"2,02,44,914",9618677,9097882,94.5855859387,520795,5.41441406131,20.6,8.82,10.46,15.29,24.26,37.36
2015,GA,Georgia,"1,01,99,398",4787379,4502025,94.0394524854,285354,5.96054751462,21.84,8.46,10.38,16.07,26.55,41.19
2015,HI,Hawaii,"14,25,157",674911,650767,96.4226394295,24144,3.5773605705,22.95,9.23,12.52,18.63,28.14,41.56
2015,ID,Idaho,"16,52,828",797052,763403,95.7783181022,33649,4.22168189779,19.62,8.52,10.47,15.32,23.55,35.49
2015,IL,Illinois,"1,28,39,047",6507319,6120865,94.0612408889,386454,5.93875911109,24.02,9.17,11.28,17.94,29.86,45.75
2015,IN,Indiana,"66,12,768",3271543,3114005,95.1845963816,157538,4.81540361841,20.23,8.57,10.66,15.82,24.43,36.24
2015,IA,Iowa,"31,21,997",1702581,1637671,96.1875528976,64910,3.81244710237,20.12,8.7,11.08,16.18,24.13,35.43
2015,KS,Kansas,"29,06,721",1489170,1426765,95.8094106113,62405,4.19058938872,20.64,8.69,10.97,16.2,24.75,36.89
2015,KY,Kentucky,"44,24,611",1965677,1861526,94.7015201378,104151,5.29847986215,19.65,8.51,10.49,15.55,23.92,34.87
2015,LA,Louisiana,"46,68,960",2161027,2024149,93.6660671061,136878,6.33393289394,19.62,8.35,9.93,15.38,23.83,35.21
2015,ME,Maine,"13,29,453",682696,652779,95.6178152501,29917,4.38218474987,20.8,9.07,11.52,16.69,25.07,36.2
2015,MD,Maryland,"59,94,983",3147441,2986816,94.8966477847,160625,5.10335221534,26.27,9.1,12.35,20.13,33.21,51.21
2015,MA,Massachusetts,"67,84,240",3579697,3405829,95.142940869,173868,4.85705913098,28.37,9.87,13.67,21.91,35.58,54.22
2015,MI,Michigan,"99,17,715",4757468,4500000,94.5881296522,257468,5.41187034784,22.26,8.99,11.07,17.02,27.68,41.36
2015,MN,Minnesota,"54,82,435",2975542,2864589,96.271166732,110953,3.72883326802,23.91,9.28,12.27,18.69,29.29,44.3
2015,MS,Mississippi,"29,89,390",1269950,1188600,93.5942359935,81350,6.40576400646,18.08,8.26,9.48,13.94,21.71,31.58
2015,MO,Missouri,"60,76,204",3096693,2941826,94.9989553372,154867,5.00104466281,20.98,8.63,10.59,16.05,25.61,38.4
2015,MT,Montana,"10,32,073",519671,498094,95.847949953,21577,4.15205004705,19.53,8.91,10.71,15.37,23.74,34.56
2015,NE,Nebraska,"18,93,765",1008392,977669,96.9532681735,30723,3.04673182651,20.49,8.95,11.15,16.27,24.72,36.18
2015,NV,Nevada,"28,83,758",1414712,1318474,93.1973433462,96238,6.80265665379,20.58,8.67,10.96,16.2,24.71,37.39
2015,NH,New Hampshire,"13,30,111",742787,717724,96.6258160146,25063,3.37418398545,23.42,9.08,11.91,17.92,28.18,43.13
2015,NJ,New Jersey,"89,35,421",4530546,4267905,94.2028841557,262641,5.79711584432,26.42,9.33,12.13,19.86,33.39,50.42
2015,NM,New Mexico,"20,80,328",924117,863443,93.4343811444,60674,6.56561885562,20.76,8.62,10.4,15.54,25.57,38.89
2015,NY,New York,"1,97,47,183",9591216,9084593,94.7178439105,506623,5.28215608949,27.42,9.33,12.2,20,33.76,53.48
2015,NC,North Carolina,"1,00,35,186",4768228,4493912,94.2470032893,274316,5.75299671073,21.24,8.52,10.54,15.91,25.05,39.18
2015,ND,North Dakota,"7,56,835",414255,402674,97.2043789453,11581,2.79562105466,21.95,9.7,12.97,18.35,26.61,37.12
2015,OH,Ohio,"1,16,05,090",5691648,5412760,95.1000483515,278888,4.89995164845,21.52,8.9,10.91,16.84,26.62,38.29
2015,OK,Oklahoma,"39,07,414",1833634,1753274,95.6174460116,80360,4.38255398842,20.11,8.49,10.41,15.59,23.82,36.16
2015,OR,Oregon,"40,24,634",1978013,1867189,94.3972056807,110824,5.60279431935,23.12,9.71,11.92,17.83,28.1,42.95
2015,PA,Pennsylvania,"1,27,91,904",6425894,6085329,94.700114879,340565,5.29988512104,22.38,8.8,11.42,17.38,27.47,41.15
2015,RI,Rhode Island,"10,55,607",553681,520421,93.9929309476,33260,6.0070690524,24.41,9.4,12.15,18.77,30.25,45.38
2015,SC,South Carolina,"48,94,834",2270386,2134637,94.0208845544,135749,5.97911544557,19.51,8.38,10.05,15.04,23.51,35.27
2015,SD,South Dakota,"8,57,919",450998,437141,96.9274808314,13857,3.0725191686,18.66,9.17,10.92,14.8,21.78,31.49
2015,TN,Tennessee,"65,95,056",3070951,2899167,94.4061627815,171784,5.5938372185,19.85,8.49,10.41,15.3,23.66,35.64
2015,TX,Texas,"2,74,29,639",13044106,12463035,95.5453367214,581071,4.45466327857,22.38,8.55,10.67,16.61,27.25,42.52
2015,UT,Utah,"29,90,632",1465771,1412521,96.3670996356,53250,3.63290036438,21.22,8.78,11.14,16.34,25.78,38.86
2015,VT,Vermont,"6,26,088",345474,333121,96.4243329455,12353,3.57566705454,22.15,10.05,12.66,17.81,26.42,37.74
2015,VA,Virginia,"83,67,587",4212054,4024213,95.5403943064,187841,4.45960569356,24.84,8.83,11.56,18.36,30.47,49.63
2015,WA,Washington,"71,60,290",3545678,3345840,94.3638988086,199838,5.63610119137,25.97,10.63,13.47,20.28,32.38,48.83
2015,WV,West Virginia,"18,41,053",783230,730309,93.2432363418,52921,6.75676365818,18.8,8.63,9.71,14.54,23.01,33.57
2015,WI,Wisconsin,"57,67,891",3094859,2953582,95.4351070598,141277,4.5648929402,21.12,8.75,11.26,16.88,25.82,37.34
2015,WY,Wyoming,"5,86,555",305148,292187,95.7525528596,12961,4.2474471404,22.04,9.19,12.43,18.41,27.76,37.42
2015,PR,Puerto Rico,"34,73,181",1122316,987643,88.0004383792,134673,11.9995616208,13.56,7.86,8.47,9.61,15.27,23.19
2016,AL,Alabama,"48,63,300",2168612,2038777,94.0129907978,129835,5.9870092022,20.44,8.45,10.19,15.43,24.7,37.4
2016,AK,Alaska,"7,41,894",360428,336621,93.3947972965,23807,6.60520270345,27.26,11.01,15,22.68,34.52,48.24
2016,AZ,Arizona,"69,31,071",3237865,3066265,94.7002114047,171600,5.29978859526,22.26,9.1,11.37,17.05,27.03,41.19
2016,AR,Arkansas,"29,88,248",1342695,1288997,96.0007298754,53698,3.99927012464,19.03,8.67,9.87,14.48,22.64,33.59
2016,CA,California,"3,92,50,017",19102734,18065047,94.5678613334,1037687,5.43213866664,27.33,10.3,12.45,19.67,33.84,54.17
2016,CO,Colorado,"55,40,545",2891051,2795237,96.6858419308,95814,3.31415806916,25.34,9.43,12.38,19.09,30.71,48.03
2016,CT,Connecticut,"35,76,452",1891790,1795518,94.9110630673,96272,5.08893693275,27.87,10.14,13.47,21.68,34.55,50.57
2016,DE,Delaware,"9,52,065",472677,451973,95.6198418793,20704,4.38015812066,24.48,9.19,11.89,18.25,29.91,46.47
2016,FL,Florida,"2,06,12,439",9838942,9358574,95.1176864342,480368,4.88231356583,21.18,8.99,10.8,15.77,24.93,38.26
2016,GA,Georgia,"1,03,10,371",4920469,4656258,94.6303695847,264211,5.36963041531,22.38,8.55,10.63,16.51,27.18,42.26
2016,HI,Hawaii,"14,28,557",685380,664691,96.9813825907,20689,3.01861740932,23.76,9.56,12.91,19.24,29.07,43.05
2016,ID,Idaho,"16,83,140",814575,783435,96.1771475923,31140,3.8228524077,20.15,8.64,10.81,15.77,24.26,36.41
2016,IL,Illinois,"1,28,01,539",6539021,6154876,94.1253438397,384145,5.8746561603,24.76,9.31,11.57,18.4,30.77,47.2
2016,IN,Indiana,"66,33,053",3326905,3179814,95.578743607,147091,4.42125639295,20.64,8.7,10.99,16.25,24.82,36.72
2016,IA,Iowa,"31,34,693",1700696,1638292,96.3306787339,62404,3.66932126612,20.93,8.9,11.53,16.72,25.08,36.77
2016,KS,Kansas,"29,07,289",1484012,1422123,95.829615933,61889,4.17038406698,21.13,8.8,11.2,16.57,25.42,37.97
2016,KY,Kentucky,"44,36,974",1991981,1892280,94.9948819793,99701,5.0051180207,20.08,8.64,10.78,15.96,24.37,35.45
2016,LA,Louisiana,"46,81,666",2121226,1992121,93.9136612506,129105,6.08633874938,19.84,8.38,9.97,15.43,24.2,35.69
2016,ME,Maine,"13,31,479",690624,664009,96.1462387638,26615,3.85376123622,21.24,9.27,11.84,17.01,25.6,36.96
2016,MD,Maryland,"60,16,447",3170012,3034131,95.7135493493,135881,4.28645065066,26.98,9.34,12.64,20.68,34.05,52.53
2016,MA,Massachusetts,"68,11,779",3588613,3455827,96.2997960493,132786,3.70020395066,29.25,10.66,14.02,22.45,36.47,55.8
2016,MI,Michigan,"99,28,300",4836771,4599055,95.0852335163,237716,4.91476648367,22.76,9.16,11.32,17.32,28.2,42.1
2016,MN,Minnesota,"55,19,952",3001146,2884100,96.0999564833,117046,3.90004351671,24.68,9.66,12.7,19.28,30.08,45.44
2016,MS,Mississippi,"29,88,726",1280438,1205778,94.1691827328,74660,5.83081726722,18.41,8.34,9.68,14.22,22.17,32.09
2016,MO,Missouri,"60,93,000",3111525,2970708,95.4743413599,140817,4.52565864006,21.45,8.81,10.92,16.46,26.06,39.06
2016,MT,Montana,"10,42,520",526407,504577,95.8530186719,21830,4.14698132814,19.92,9.08,10.98,15.75,24.24,35.02
2016,NE,Nebraska,"19,07,116",1011051,978573,96.7876991368,32478,3.21230086316,21.24,9.43,11.63,16.77,25.6,37.47
2016,NV,Nevada,"29,40,058",1427113,1346008,94.3168480702,81105,5.68315192981,21.17,8.86,11.36,16.59,25.43,38.43
2016,NH,New Hampshire,"13,34,795",748566,727417,97.1747314198,21149,2.82526858019,24.13,9.32,12.34,18.4,28.87,44.21
2016,NJ,New Jersey,"89,44,469",4524260,4299932,95.0416642722,224328,4.95833572783,26.94,9.52,12.43,20.17,33.74,51.29
2016,NM,New Mexico,"20,81,015",927359,864914,93.2663617865,62445,6.73363821346,21.23,8.69,10.58,15.82,25.99,40.01
2016,NY,New York,"1,97,45,289",9584458,9121327,95.1678957746,463131,4.8321042254,28.32,9.55,12.52,20.56,34.79,55.17
2016,NC,North Carolina,"1,01,46,788",4875712,4629335,94.9468508394,246377,5.05314916057,21.77,8.62,10.79,16.31,25.66,40.04
2016,ND,North Dakota,"7,57,952",416230,403069,96.8380462725,13161,3.16195372751,22.66,10.08,13.43,18.83,27.59,38.33
2016,OH,Ohio,"1,16,14,373",5713093,5430792,95.0587011274,282301,4.94129887261,22.08,9.04,11.18,17.19,27.23,39.29
2016,OK,Oklahoma,"39,23,561",1828423,1739369,95.1294640245,89054,4.87053597554,20.56,8.58,10.66,15.93,24.45,37.02
2016,OR,Oregon,"40,93,465",2055120,1954824,95.1197010394,100296,4.88029896064,23.9,10.2,12.39,18.26,28.89,44.56
2016,PA,Pennsylvania,"1,27,84,227",6471996,6120034,94.5617704337,351962,5.43822956627,22.85,8.94,11.65,17.63,27.99,42.17
2016,RI,Rhode Island,"10,56,426",552220,522812,94.6745862156,29408,5.32541378436,24.96,9.76,12.37,19.1,30.82,46.3
2016,SC,South Carolina,"49,61,119",2297814,2186744,95.1662754253,111070,4.83372457475,19.97,8.49,10.32,15.45,24.04,36.05
2016,SD,South Dakota,"8,65,454",453073,440297,97.1801453629,12776,2.81985463711,19.27,9.36,11.24,15.19,22.45,32.47
2016,TN,Tennessee,"66,51,194",3135102,2984260,95.1886094934,150842,4.81139050659,20.36,8.62,10.72,15.77,24.21,36.41
2016,TX,Texas,"2,78,62,596",13284651,12671814,95.3868791886,612837,4.61312081138,22.97,8.69,11,17.06,27.98,43.61
2016,UT,Utah,"30,51,217",1511467,1459705,96.5753800778,51762,3.42461992223,21.87,8.99,11.48,16.83,26.59,39.86
2016,VT,Vermont,"6,24,594",344889,333637,96.7375010511,11252,3.26249894894,22.9,10.45,13.05,18.23,27.12,38.85
2016,VA,Virginia,"84,11,808",4240416,4070265,95.9873984062,170151,4.01260159381,25.53,8.97,11.88,18.78,31.23,50.95
2016,WA,Washington,"72,88,000",3643885,3445883,94.5661841688,198002,5.43381583118,26.83,11.05,13.93,20.87,33.24,50.24
2016,WV,West Virginia,"18,31,102",783468,736425,93.9955428939,47043,6.0044571061,19.35,9.1,10,14.79,23.49,34.33
2016,WI,Wisconsin,"57,78,708",3120236,2991035,95.8592555179,129201,4.14074448215,21.75,8.94,11.68,17.43,26.57,38.25
2016,WY,Wyoming,"5,85,501",302335,286375,94.7210875353,15960,5.27891246465,22.52,9.42,12.7,18.61,28.24,38.36
2016,PR,Puerto Rico,"34,11,307",1121132,989006,88.2149470357,132126,11.7850529643,13.82,7.89,8.52,9.73,15.59,23.75
